NU_ANO_CENSO,QT_MAT,QT_ING,QT_CONC,EVASAO_PUBLICA_TOTAL,RETENCAO_PUBLICA_TOTAL,SUCESSO_PUBLICA_TOTAL,EVASAO_PRIVADA_TOTAL,RETENCAO_PRIVADA_TOTAL,SUCESSO_PRIVADA_TOTAL,EVASAO_NAO INFORMADA_TOTAL,RETENCAO_NAO INFORMADA_TOTAL,SUCESSO_NAO INFORMADA_TOTAL,CENTRO,EVASAO_ETNICO_TOTAL,RETENCAO_ETNICO_TOTAL,SUCESSO_ETNICO_TOTAL,EVASAO_REDE PUBLICA_TOTAL,RETENCAO_REDE PUBLICA_TOTAL,SUCESSO_REDE PUBLICA_TOTAL,EVASAO_SOCIAL_TOTAL,RETENCAO_SOCIAL_TOTAL,SUCESSO_SOCIAL_TOTAL,EVASAO_AMPLA_TOTAL,RETENCAO_AMPLA_TOTAL,SUCESSO_AMPLA_TOTAL,EVASAO_BRANCA_TOTAL,RETENCAO_BRANCA_TOTAL,SUCESSO_BRANCA_TOTAL,EVASAO_PRETA_TOTAL,RETENCAO_PRETA_TOTAL,SUCESSO_PRETA_TOTAL,EVASAO_PARDA_TOTAL,RETENCAO_PARDA_TOTAL,SUCESSO_PARDA_TOTAL,EVASAO_MASCULINO_TOTAL,RETENCAO_MASCULINO_TOTAL,SUCESSO_MASCULINO_TOTAL,EVASAO_FEMININO_TOTAL,RETENCAO_FEMININO_TOTAL,SUCESSO_FEMININO_TOTAL,EVASAO,RETENCAO,SUCESSO
2009,2999.0,722.0,401.0,,,,,,,,,,CCMN,,,,,,,,,,,,,,,,,,,,,,,,,,,,,,
2010,3152.0,918.0,361.0,,,,,,,,,,CCMN,,,,,,,,,,21.70216272807781,,,10.734211205706233,,,0.9017885189733703,,,2.791821902032121,,,13.97055645332648,,,7.731606274751329,,,21.70216272807781,,
2011,3122.0,1059.0,430.0,1.2194582562353344,,,,,,25.669078240765415,,,CCMN,,,,1.2194582562353344,,,1.2194582562353344,,,25.669078240765415,,,8.838289689769766,,,0.8718505137858119,,,3.737405064694245,,,18.001844544622582,,,8.928301991473646,,,26.88853649700075,,
2012,3045.0,1012.0,300.0,5.327214387394183,,,,,,19.526322144335147,,,CCMN,,,,3.5332930266452225,,,5.3386632632917745,,,21.355498986587055,14.58128078817734,,7.410715879160754,11.585265504194908,,1.140432630748933,0.7647789646560039,,3.438442454464696,3.2156052837351443,,16.25261080885194,12.70088366385812,,8.600925722877388,8.382280335388081,,24.85353653172933,14.58128078817734,
2013,3387.0,1142.0,289.0,20.871287474917573,,0.07278170295452517,4.906776169930163,,,1.5987186650289182,15.323294951284323,12.59403961335423,CCMN,1.7770876673458,,,3.50652022709161,,,1.2166921956129777,,,15.528527573978426,26.885775405243482,12.666821316308754,5.698178483092093,15.90652443872022,7.339648597742129,0.9811197913465443,2.690449774803141,1.2271040892788891,2.8756406251281335,6.127967661854087,2.6234835828288223,12.73734194394376,27.91684492626143,7.314137913007737,6.1633834573433655,20.962199774245658,5.352683403301018,18.78857006326819,26.60459036320813,12.666821316308754
2014,3364.0,1148.0,274.0,10.35683866608302,5.341177764805604,0.9999470906817066,1.69581530278834,,1.4940215509095338,17.429053330202514,33.40225730134141,35.89307038869721,CCMN,2.8890888383063063,,,6.5841173456364395,5.500351936604445,0.25019817677368206,2.2694962481399457,5.305805726628083,,20.884295475162034,51.927675637295586,38.13684085351477,10.617639935953326,21.500467358774216,22.492336215295445,1.3133884714408233,4.4507733609956786,1.15941619397164,4.256550866891037,10.647276748205542,7.091649938160271,18.59171036700605,43.00446921797652,27.271699223529325,8.923919448602204,28.94186650173792,11.115339806759124,27.435256322124737,51.94747069061341,38.38703903028845
2015,3345.0,1081.0,245.0,12.47094528279401,20.359961017586233,2.5537601415259714,10.266004260174498,,2.924461582334975,3.502882609817802,52.86633449562394,24.333085471096762,CCMN,4.59622963812729,,,9.801420160211379,14.450501915531031,1.4045206730157993,4.485543707597376,8.069572489588019,0.09075379030535981,16.146391584096456,59.41567920962085,28.406786521941907,6.237712776339487,27.533557799784074,18.93915863121185,1.4456414699792088,3.6789854883598707,1.7061504114400246,5.488156084237232,16.357074496114283,4.332566858332464,17.09790557113492,49.02615871694244,19.88959862475499,8.849906173172917,31.534159884818646,9.92170857020272,25.94781174430783,63.384080980293966,29.81130719495771
2016,3204.0,1066.0,311.0,15.337973154963294,46.98265489698868,6.773414375786437,12.213766446945513,14.513108614232209,7.173453363231606,2.864181463328611,22.490299562217633,24.552872120661945,CCMN,7.346831086061881,5.816750225906898,0.11720043822772555,12.836801101276466,25.269731950537704,3.6824143356805332,6.305718070399477,12.965784554346122,0.11720043822772555,17.357749326264695,43.02185241682762,34.81732552399945,9.222724246544956,26.90177946475232,22.59842221070105,1.8796329409646417,4.432583769652474,2.524296821140455,7.5633763880524345,13.17140547482115,5.879224672229145,20.251051795658086,43.21444549539255,24.91940634696508,9.943498631883074,29.35721165311211,13.580333512714908,30.194550427541163,55.067899606653185,38.49973985967999
2017,3597.0,1118.0,305.0,7.858444144214777,62.92938773681988,7.160678757079666,7.39928219431597,35.18074051498935,11.87081510278357,0.4787171017670938,1.17794926294745,14.946848000223646,CCMN,4.120818055338916,15.817002760430874,0.8631800855453461,6.92486753656573,33.800209964679176,4.49737515523992,3.2785464429507942,14.51434546886578,0.5873188103816871,7.4861458182523934,43.919984824626844,29.48096670484696,3.224041276966476,24.45416717276499,20.706904033790284,0.9392497996798785,4.1328871029865955,2.08832793312197,4.0272865541614244,21.169103857131997,5.464131090408474,9.112634504235281,47.96772850706625,21.341092285260284,5.371141293948239,30.819125892325836,12.6372495748266,14.375269282376804,59.30333160018205,33.978341860086886
2018,3601.0,1093.0,321.0,12.199151292053148,49.491548507768414,11.859131638947963,10.410446688040391,51.69098681517458,10.653474150885344,0.6778263567927654,0.203381901901823,8.068591233519655,CCMN,6.48935264163774,27.55260459160283,1.878322923204677,10.707948711248722,39.704541390586385,6.767511130842099,5.178352740383156,23.533739549934573,1.7667028012449244,12.385305623371288,44.96545674972258,23.813685892510865,8.08868593897691,26.81463192706549,18.871539274491308,1.9894278500324094,6.3044504552708,1.8157689570676312,7.476309473152611,23.991999212649162,6.305396040470266,15.897382254527521,52.56320114705161,18.881936108335147,7.229359510054753,30.36339144222548,11.699260915017817,23.09325433462001,60.8721154547334,30.58119702335296
2019,3709.0,1096.0,285.0,11.169510572167995,49.782697811442155,10.3917078027272,9.040203566401406,38.914018066610794,13.909474343552532,0.330103316858057,0.12695799178737271,6.403131418157066,CCMN,5.833737614610725,28.962231111643366,2.9363055121899357,9.458579192233204,45.321142421966,7.934134318104563,4.708677524786086,26.190353299711106,2.4572911243066646,10.587048836507918,34.11246777214708,22.770179246332237,5.656055945207266,22.875445211899844,17.20392655083457,1.6133664106952568,8.205757317015758,3.2352097420400923,6.695312856463173,22.98351117520235,7.524805374212256,13.321980394687394,50.80631471916227,18.591234827504085,6.72364763405373,24.912871972083483,12.113078736932716,20.010578150067627,60.11704327174269,30.704313564436795
2020,3708.0,1086.0,339.0,12.792112424297223,41.4385607851402,16.002816465806326,9.567793328863312,37.165180528180485,17.579714526842743,0.6079709582044004,,3.0597220515148367,CCMN,7.322452612697331,27.184243053846796,5.133046269420015,11.399393758317135,39.886169265150585,11.594563996780908,5.296669556660087,24.569308143966985,3.4626540491512063,11.535041744849313,34.430336649335125,25.047689047382995,5.583802572386001,22.654095994399164,22.80946027467471,1.5262609725284695,9.073382167583942,2.8825324199682223,7.40345507172825,23.261983194689208,9.08308993347143,16.229799562704482,49.266705818860665,21.81511000434434,6.704635940461963,22.247833107014714,14.827143039819562,22.934435503166448,56.09457378777127,36.6422530441639
2021,3755.0,1071.0,204.0,11.156887486488124,50.16115877891623,8.921729406499928,8.472875022148934,39.586326224810875,10.78527681901111,0.21131341255042485,0.37923603198552625,1.1491823030232575,CCMN,5.903783442197671,29.40848795712134,2.928398502809923,10.080359952795362,45.33994475885148,6.978776412638003,5.5676483281611215,24.566274919602158,2.9260913376759166,9.675327875522695,43.81524244518361,13.877412115896293,6.2761260813996635,30.939388950132685,12.001122996779403,1.986731749850423,8.511781243461444,1.480043629093581,6.4432831100520245,29.713409553887264,6.153668334974517,12.944384865709848,56.66919351626667,14.904961404569686,6.8426014374939275,30.765292542643742,5.951227123964609,19.755687828318056,75.74107318982541,20.856188528534297
2022,3846.0,1016.0,211.0,11.591297294512222,49.09448399577992,9.091895263154907,8.341048305035628,42.83354548261212,10.90045257659569,0.19771641848963126,0.2454941065139683,1.2657237930204979,CCMN,5.4443629561601705,28.850833659125666,3.8875636647487135,9.637170036045903,45.87572354775122,6.927250234216143,4.473523766389609,25.32540270531533,2.8618203432268436,10.277960009106025,44.796936450550675,14.330821398554953,7.325214928375609,30.126960658543464,12.069789224810473,2.2355458916921247,11.075796233174781,1.8239154981179506,6.053150257820965,27.427873742566963,6.478695965543627,12.27902481617682,57.3988282681406,13.571045424623948,7.636105228975108,30.80801006175298,7.687026208147147,19.91513004515193,73.90873424396734,21.258071632771095
2023,3954.0,1006.0,288.0,9.910691871452547,41.804896854847506,13.967667482570457,8.367251477566814,38.92963948300069,14.20496210685947,0.21267155770184773,0.21553162629791767,0.9580348952961585,CCMN,4.481636201855166,26.029318983439822,5.307844562473573,8.623259926109636,37.61457385643574,12.429556020311392,4.555281400156036,22.674786789588612,4.6377801406072345,9.813399857193835,42.35746898812428,16.701108464414695,6.557618088793031,26.922907806887103,17.867163307695037,2.6252590887278147,8.234868120494255,2.142666963252859,5.495403728080381,25.14323571674489,8.530479787571563,11.24403104814241,48.5955503424985,18.73000540322781,7.19262873516106,28.913477655484574,10.400659081498278,18.43665978330347,64.97700842318396,29.13066448472609
2009,5212.0,1263.0,549.0,,,,,,,,,,CT,,,,,,,,,,,,,,,,,,,,,,,,,,,,,,
2010,5364.0,1162.0,557.0,,,,,,,,,,CT,,,,,,,,,,9.667936184712927,,,5.458373322424183,,,0.18857341360802807,,,1.1751675434652038,,,6.948006755463839,,,2.719929429249087,,,9.667936184712927,,
2011,5479.0,1163.0,567.0,0.3172350774021399,,,,,,9.971775298460166,,,CT,,,,0.3172350774021399,,,0.3172350774021399,,,9.971775298460166,,,2.135997179971826,,,0.2906635249532689,,,0.7330461873766427,,,7.303854756610126,,,2.9851556192521804,,,10.289010375862306,,
2012,5595.0,1066.0,678.0,1.4492506863970256,,,,,,6.553275850643271,,,CT,,,,1.2069088309740055,,,3.7808885285788225,,,6.530241655619204,,,2.393994530840151,,,0.2009036399663945,,,0.5426869080360813,,,5.55841501575971,,,2.3256112118016072,,,7.73715048659321,,
2013,6207.0,1368.0,520.0,12.474945699537457,,,1.5867489322603123,,,,,,CT,0.348861648584876,,,1.1441974861439483,,,0.30830578518339113,,,3.252617872201649,,,1.3171418925290779,,,0.17220441243165677,,,0.48107000786892223,,,3.570735523253552,,,0.959994074705647,,,4.191050339911037,,
2014,6437.0,1311.0,807.0,3.3526405572525966,,0.1755755327041966,0.047463332669354985,,0.561000081391416,12.267517902155955,,64.61477283231716,CT,1.1862328137217855,,,2.475424683704247,,,0.8412557241148699,,,7.259976434703627,29.108386641859425,65.26115494950918,2.8393055544442403,10.68703423422294,47.70924887453456,0.4346535051533074,0.39201525482692823,1.5584139559183627,0.7579213188619749,2.788871029569599,8.229697411449996,7.079890412147717,20.000823480414528,48.13753055607603,2.6179989127796297,13.218656498937698,18.856326809282436,9.697889324927345,29.108386641859425,65.26115494950918
2015,6301.0,1254.0,876.0,4.4154272306001205,,4.101521346643122,4.652681066449236,,6.033152943028169,1.289557778345249,38.47454428109451,57.81504538183066,CT,1.694898175852879,,0.1920018227827483,3.700822925361541,,3.228866972160005,1.5199708260324043,,0.2079836133353733,6.344101854659058,36.04897824008719,59.953619613978624,1.1686197473748132,10.815767464869392,47.71500413702877,0.3082655459162412,1.4966217773087471,1.5955354229085499,1.4663561895442663,2.029884653853887,9.335628991672177,7.364115389876552,27.59328606464494,47.43690871595042,2.6976768754646523,11.210321105006395,27.805908906936757,10.025986876339845,34.72751393278569,60.6186779518316
2016,6035.0,1205.0,884.0,5.787138585800864,11.425283043726225,8.753115274804639,4.616433231928095,,13.352162621912647,2.9322671013093538,24.960366509947434,57.103849302637116,CT,3.3168402337039367,,1.0703000598493124,5.195291436790012,12.505154431541127,6.570879902240871,2.4647317593097204,17.05251659675432,0.625819913309557,7.889982206616714,19.920317574805186,64.14678846596954,3.4725081236610196,10.587545113163044,49.756935621604626,0.6310013817576555,0.38041708692273984,1.6179429926048918,2.4741067430415984,2.7013185528856614,8.352495301035455,9.826042530662031,23.367010422626556,50.487537480182304,3.1662412155034763,9.439525337814421,27.213205808136987,12.992283746165509,30.400894179421687,66.01863914556893
2017,6194.0,1257.0,748.0,2.600818572194936,72.68205265855629,15.533255153516158,3.3085088808379157,,20.23375857420969,0.23792567228851796,,40.36345986993241,CT,1.423013776910591,,1.9340074467827046,2.4368120069071604,19.74465494865443,10.370518551052589,1.3951240860325478,,2.2512795488601567,2.9211643168808816,11.020515627089726,65.75995504660568,1.2708276840905408,9.973848601807124,47.51731106614321,0.38943690073501186,0.8350761849155709,1.9642126266661322,1.099014174740729,6.571442927700939,11.349117677330305,3.4828951595433364,20.011146519916274,51.478635259649515,1.8161536686273259,7.885593265932976,24.651838338008755,5.279724164028433,25.658283494946815,72.13364783114
2018,6156.0,1379.0,770.0,6.241789014388577,25.423414857059697,18.250331146954757,4.878006509353917,40.378349597457714,22.738873073853455,1.063584863443774,,17.02385226355615,CT,3.8819224933005043,13.433905600327629,3.7892239574337436,5.962445871982251,18.10900980647072,12.558588408419634,3.2409738201436857,11.357729422996446,3.1246522069406804,6.136375111903303,25.112341773745246,45.45446807594474,3.3611071667667467,6.769811988967842,36.59755283281252,0.9849321943319627,1.6071182687254224,1.9601162245341894,3.822843955522698,7.344325269683221,9.497704180862952,8.462595951638267,28.90925581062465,39.63014404897812,3.4053783635379404,13.658147498244741,18.38291243538625,11.846670296173022,38.710836190294565,56.965871528510675
2019,6068.0,1365.0,721.0,6.329186705967224,30.982669098826044,21.910531094077196,5.701351345969015,20.38275261329097,28.3739418979095,0.548365423427674,,8.425639808905315,CT,3.7160333731001765,20.874010333210457,5.778140699956344,5.706121575164929,30.29609464555669,16.473102762645595,2.9015140341324335,18.037225097253373,5.496266394905339,6.66597260759932,14.194450250187744,42.23701003824642,3.0594241791133796,6.495580590419199,38.788325648576,0.7405035850094264,4.184613415401451,1.7100667250588926,3.9189554816065946,18.290205816661572,10.79277133161771,9.272216550792997,29.854066571454343,40.908979324326815,3.140178464955011,12.586356999506487,17.801133476565195,12.372094182764249,38.093545197924634,57.760164594846245
2020,6016.0,1308.0,680.0,7.2628794066136715,33.0557203704018,20.89543039118498,5.016553261403462,19.93138022707866,30.195458744185448,0.12650468919489877,,5.398478884796984,CT,4.563523510970242,21.169476344925954,8.071299718904223,7.083157201251266,32.949009144283416,17.302302474741314,3.9238721383008883,20.07363764143718,6.6963230389516015,4.649762234639099,12.183428941153306,39.187065545426094,1.044450615582313,11.114093297925317,34.62496977889641,0.92494313010218,1.7971395540439508,1.7724886465543153,4.271275835970568,14.31667476387185,13.139553907959257,8.382691278004986,29.35333342471524,39.606277429765925,3.3502281578853803,12.482047583860956,16.883090590401483,11.732919435890366,36.398097759647,56.48936802016741
2021,6056.0,1262.0,442.0,5.7709361147541385,34.10950057137524,17.727602682980006,3.8285512390974246,29.622267169982177,19.62881445757617,0.5919038802933557,0.24922914594315862,1.4208695966765448,CT,3.2096668772721766,22.08980160966342,6.699012040217218,5.438107182946432,34.0734715574202,15.35791116177027,3.0064897600456892,19.975117045881337,5.896405831412393,4.7386562568395165,28.79379253685871,23.419375575462453,2.466742238547607,15.878521458807764,24.099677201287157,0.8300627671798734,7.187796139380985,1.0087308356596156,2.8708702268047435,18.34388346830332,9.889191913605366,7.330555937228582,47.49151074489463,25.30243751690094,2.7471322053314746,14.88863409771008,13.474849220331782,10.077688142560056,59.80237778804551,38.77728673723272
2022,6192.0,1319.0,510.0,7.472381356560691,33.78199826137261,18.662133624260246,5.3487897275348795,27.628957598149213,23.405550669797492,0.35441249921613077,,1.3838907325511218,CT,3.898462453212021,22.545398364566175,7.927349763491854,6.665205533573797,32.838221312942984,16.89175236575368,3.188903633264084,18.527696017648424,7.6283615690904565,6.274650063187853,26.690068921079348,26.55982266085518,4.613901334859477,13.582492746509255,25.80652416963888,1.584919396586652,5.697388127002101,2.329125097961629,3.6751797868787075,20.60703767781446,11.293545134426925,9.260350917514227,38.395113605289424,30.48883777531359,3.6795046792474224,19.428618114997604,12.962737251295264,12.93985559676165,52.12848009322701,43.45157502660886
2023,6481.0,1281.0,508.0,5.173935943439201,35.081718917084906,15.568751207349058,3.315460839769622,31.569883382905907,21.516079510978113,0.0857702121748911,,1.6995507267540548,CT,2.9496658498327757,23.493150397897725,6.126877187360032,4.901847760523107,34.66615980063846,13.776806737831286,3.0636630859141976,20.469035508348455,5.476475367854675,3.6635421017911334,29.853113419921886,25.007574707249933,1.7651811527097128,14.58731042012854,24.175387248034593,0.7143829747561034,6.002613130027079,1.8081409581422436,3.1936531665613113,20.378035091408346,8.637815305472127,5.995088924117457,39.68064440013667,26.151746808995043,2.4758576170139417,23.080870380598068,12.632634636086177,8.43382767430737,56.66795897148,38.78438144508122
2009,5193.0,1205.0,660.0,,,,,,,,,,CCJE,,,,,,,,,,,,,,,,,,,,,,,,,,,,,,
2010,5662.0,1601.0,693.0,,,,,,,,,,CCJE,,,,,,,,,,9.10309583978572,,,3.215137193456562,,,0.08373904781216501,,,0.7268815587875931,,,5.175521280797082,,,3.9275745589886366,,,9.10309583978572,,
2011,5914.0,1530.0,703.0,0.3725705483217381,,,,,,11.712818941139695,,,CCJE,,,,0.3725705483217381,,,0.3725705483217381,,,11.712818941139695,,,2.735007243420872,,,0.23064552628585083,,,0.6372112688636428,,,7.7558611100021055,,,4.36334643830275,,,12.085389489461432,,
2012,6232.0,1543.0,771.0,3.5210094355114925,,,,,,6.5983295859626665,,,CCJE,,,,1.6156856155385597,,,5.392465335440305,,,8.5036534059356,,,1.6451808858168133,,,0.29120851213506666,,,0.6286693467816556,,,6.1010447102835625,,,4.018294311190596,,,10.11933902147416,,
2013,6739.0,1708.0,733.0,16.285598461134892,,,1.859362423148738,,,,,10.56352529483034,CCJE,0.46097852958786045,,,1.9091027277454367,,,0.4445199572780001,,,5.953937398840171,10.570931709108159,10.56352529483034,0.7796981236644754,4.137242828539045,6.551712681145833,0.1679266287629538,0.47255070893738466,0.13016075995615636,0.3282666448606651,0.8794014715880694,0.9877281239981239,4.523945764386886,6.053210533782886,6.086708485716018,3.339094362198722,6.310866898376483,4.476816809114322,7.8630401265856085,10.570931709108159,10.56352529483034
2014,7079.0,1657.0,956.0,4.192664940109261,,2.78734275069616,,,2.3474086788168207,12.285569775950675,23.495955157349695,59.82821231783868,CCJE,1.87796072535576,,,3.190039682024636,,2.227154261851225,0.9963486744927599,,,6.509857914796946,30.731367730430623,60.88698095846877,1.5151433042736708,6.266243037730808,35.58665726725012,0.37666921540877724,1.235519875877401,1.7900281315589657,0.4348007934405348,2.063077048060113,8.632268237649582,5.899016607033782,21.68736825614033,28.518770606014716,3.800880989787799,13.76257743057477,36.62006543968417,9.69989759682158,29.8017600783165,61.3239307927374
2015,7068.0,1618.0,981.0,4.117605322433209,5.028795398405268,7.105791646269579,5.019582614900236,,3.970890056940687,1.582119038078849,35.68039292775797,52.61308955751729,CCJE,1.6589682744545569,,0.48854113205110045,3.412035358464809,5.951149661722009,5.702005460109753,1.9346904177212778,7.643772645222423,0.3281719604590187,7.289468559126561,27.97665895889828,57.9877658006178,0.6534732952503,4.421434381579132,34.847218991327566,0.40359644234687947,0.8137606307887623,2.2988786865957005,1.0412464374986736,2.042050870581203,8.32851901522701,6.623025880146359,19.81138842695605,29.6626146304928,4.2743116734751725,15.08510253892069,34.02715663023476,10.701503917591372,27.155939522055935,63.68977126072756
2016,6877.0,1524.0,998.0,5.659226664904736,28.985842849577114,14.301264996725207,4.084363034108182,,15.456247248268118,2.267397009931329,23.232033948134035,36.110720927185106,CCJE,2.8391922737627016,,0.9398282014286792,5.369642358730376,12.588673287235787,10.731049832525033,2.726755702661774,11.943732231542242,1.0605562600093321,6.64134435021387,19.160082170616207,55.137183339653404,1.7802811861736358,6.284370628435329,37.46697840658141,0.5255972071889602,1.9887909230024936,2.6271620675514944,2.3814788363214925,2.981390258453848,9.634496076915122,7.224326808259379,21.45491710327884,28.9218008386005,4.786659900684867,11.277480025415574,36.94643233357793,12.010986708944246,28.4598853032054,65.86823317217844
2017,7344.0,1613.0,1031.0,1.602864521978699,49.67221480195664,20.292380029674796,2.6366029621412244,14.674733933880537,27.354737509593672,,,16.031073345952674,CCJE,0.8370094707799448,5.699939851234821,2.6067770751426713,1.3358730073680225,15.279626856523159,14.0434975785541,0.5663802820384806,4.90458366122615,2.9851666833176584,1.8022226648606188,19.279810507960946,49.63469330666704,0.3855745104437859,5.004684335209896,36.55910346545759,0.18201142054520042,1.3119490829888303,4.445246056315546,0.34552336148729024,3.791829494467637,12.35391823373339,1.6471192022281393,16.580209043156643,29.35008098774497,1.4398762724587983,18.804416051674863,34.32810989747616,3.0529286763258026,30.941177431531283,63.67819088522114
2018,7397.0,1657.0,1061.0,4.469470078464938,21.318577370100382,24.65116847317735,4.345062834907491,26.280811968012227,29.922110127533244,0.5086517586845842,,8.051533764729127,CCJE,2.212397417145404,12.951544228772807,8.139461685329392,4.081314486596687,16.636433224843696,19.295635697192083,1.949153746081578,11.939812912345403,7.08418807530738,4.944842873675746,19.60092061385887,43.329176668247634,2.446437113734105,3.3064366303408943,34.11841100891208,0.46451249674903944,2.3325150252275755,4.543834678487494,2.708951989140076,4.369050377343861,14.796247794741705,5.675251439515959,21.239792270934228,30.696154306223832,3.333524356801975,14.7037866601922,31.928658059215884,9.008775796317934,29.98870981462087,62.62481236543972
2019,7355.0,1583.0,908.0,4.408601354945481,27.30444601909518,24.653757809883277,4.2075614213689425,20.332184895538393,28.59645271499624,0.4228990852703482,,4.125066626475756,CCJE,2.260464532574799,16.386923272784873,10.576820678977068,3.942563155552932,26.513063316354383,22.031475487183798,1.8305822727718268,16.01402013021119,9.01617504041937,4.978839344572311,15.57433749784922,35.34380166417147,1.9632447866320835,6.884002621517676,31.29845979899989,0.5856700013865201,2.2374135963543957,5.663664495837199,2.4171971292128345,11.444054654994806,13.764905448393522,5.765437642142631,25.931544723503198,24.774505665671526,3.155964857982612,15.915454072688414,32.600771485683744,8.827583750924834,36.38873134545112,57.37527715135527
2020,7356.0,1568.0,924.0,5.406695960014817,24.42444688042121,25.99438206812913,4.634576104489291,18.42703179621121,31.12777587706579,0.32509839659885553,,2.053636223606905,CCJE,3.174392272024546,14.160958915080464,12.225272584681793,5.269446109787112,24.87352054327614,22.719922359654433,2.6172101813853454,14.693477862449452,9.584714232395205,4.92354649547611,15.25732133147505,36.455871809147396,1.143698394209408,10.744846366860477,32.105929901870766,0.261755074697926,3.2112810599957715,4.7177098458256035,3.235756922856148,8.26002675876103,15.999960800059013,6.078940058756073,22.64178724780054,30.24771901246864,4.114052546507149,17.267742193239073,28.928075156333186,10.192992605263223,35.428491487383816,59.17579416880183
2021,7527.0,1568.0,856.0,3.9787304368107543,25.027309484346183,26.351680564382903,3.1803560663466897,17.398755181425848,31.33648652284447,0.15166566894981448,,0.7185749350258156,CCJE,2.2316199956804863,15.799108063791648,11.814292405611052,3.778700461065396,24.038351751849035,24.703404212221223,1.736979865656484,14.033536746181626,10.961392892770059,3.4859647259795525,17.989906560418607,33.70333781003197,1.8337773984484191,10.987522186081003,32.211966290286576,0.4421561209138976,5.561431872108803,4.804000944457646,2.600184900561543,13.666002475229988,15.193777435368911,4.636472103426592,28.568698088544952,27.404632956815913,2.6281930836183562,13.277587955427995,31.00210906543727,7.264665187044949,39.16283098286154,58.406742022253184
2022,7687.0,1584.0,1007.0,4.53440270244765,20.421885513179777,29.43943839388683,3.8536703631623856,16.68664549575592,32.62692294178377,0.05763130287130649,,0.6610606643535141,CCJE,2.1295929975084333,13.50648855046894,14.403872982005884,3.9598969784847347,19.183586306754645,27.824483321148925,2.3319221660401253,10.82905546429119,13.206780689885012,4.470072341750144,17.114618948483233,34.902938678875195,2.895829487558939,8.119126798877687,30.593452194944348,0.8159457672896069,3.313210316845091,6.687608860323117,2.5281429039356924,12.741057715859236,16.48311050294596,3.9779070156020655,22.15837243943884,31.713981304319056,4.452062304632812,13.754311342743216,31.013440695705054,8.429969320234878,31.488822101538755,62.72742200002411
2023,7837.0,1579.0,892.0,3.4373576791718596,24.161790892779987,25.82131999104361,2.769215778809777,21.285180331804245,29.50175899903824,0.12025011804661842,,0.704079943067588,CCJE,1.7589430740494234,15.142876847549969,12.738163393145417,3.21278739034849,23.02671897424451,24.37042105279265,1.4895469945915438,12.083995783815412,12.601457631354233,3.0701268266062898,21.563735131628693,31.65673788035679,0.6475193592610811,10.182655337401512,31.949032687794805,0.5908785686708168,4.803268020852231,6.172115903504859,1.7991688067058529,13.287886802628838,12.916683424464681,3.7182274835238305,22.26593075585209,27.598742161987374,2.6272445344677835,21.96020997219068,28.428416771162063,6.267274766695572,38.88020119434824,56.02715893314944
2009,2037.0,519.0,253.0,,,,,,,,,,CFCH,,,,,,,,,,,,,,,,,,,,,,,,,,,,,,
2010,1678.0,484.0,178.0,,,,,,,,,,CFCH,,,,,,,,,,27.357448649356098,,,10.810927100986284,,,2.9153728441486364,,,4.504389125150074,,,4.693502730196177,,,22.663945919159925,,,27.357448649356098,,
2011,1811.0,512.0,244.0,0.9326049638239177,,,,,,12.434320997460684,,,CFCH,,,,0.9326049638239177,,,0.9326049638239177,,,12.434320997460684,,,2.880706812773975,,,0.21468420952417216,,,0.5934810623925936,,,2.7187317953888996,,,10.648194165895701,,,13.3669259612846,,
2012,1799.0,449.0,232.0,4.101285978417761,,,,,,9.388418361960507,,,CFCH,,,,2.0982451182766972,,,4.544193597790942,,,11.39145922210157,,,2.4152981012514956,,,1.1055678951657388,,,2.416087172994295,,,3.690334579847006,,,9.799369760531263,,,13.489704340378267,,
2013,2479.0,621.0,344.0,12.177980013768327,,,2.680280791860292,,5.1404972500713315,,,36.22428398547802,CFCH,0.9529257177979026,,,1.4790115347295665,,,0.45369655668621284,,,2.870991327148044,1.2858007260992335,36.425978217022994,0.4790237999193223,0.46221594729057414,31.539320536408272,0.22573059646980587,,1.2753470616594023,0.622730939895119,,4.053808085478999,0.8590913674868899,1.5127067365873337,9.6237664675961,2.777077450584913,0.4916296893908834,32.81466759806767,3.6361688180718033,1.2858007260992335,36.425978217022994
2014,2489.0,597.0,447.0,4.646266463592341,,0.8676782833835924,0.3089719332537212,,16.660475905304093,13.403600089794836,13.306115977121713,61.145286895368045,CFCH,1.7091305386716513,,,3.165686032111421,,0.5075691899521507,1.1499152263361412,,,7.7858924568522125,3.989330322679898,77.1561460816609,2.9585609277614013,1.4113783801860609,41.585273153481154,0.35283282701028973,1.6940810450231525,6.492572588234397,1.497385372447661,1.1256066600344168,12.906424857424696,2.238187315499281,6.047752305406503,13.009488100466967,8.80658549714718,4.5086995617154395,65.66395298358877,10.846800284246136,3.989330322679898,77.32714000079883
2015,2417.0,600.0,429.0,7.361281301656164,4.885763127702802,4.915194694020509,3.076525096960971,,26.302683486865863,1.2134266910694698,27.079623099236727,63.54923569457873,CFCH,2.7446745218370596,,,4.933102677307583,5.519902304129538,3.6420744313790903,2.6701081116855274,7.360177823791599,,5.7482043150494775,15.295629904867102,82.44430235328042,0.2566971289549151,3.9849960848945307,48.22281309658128,0.1884333783628542,2.2073378428581703,13.61942524519624,1.1737384239856634,3.0277085568254782,19.711608058229974,2.6750649393973243,2.415812934922987,19.98029887947532,8.006242052959738,14.037433843175865,79.48181958306323,10.681306992357062,15.45429470543248,82.59650706485625
2016,2297.0,523.0,381.0,6.93020747634758,27.146690087399225,13.410414385675805,3.2951005838292198,,27.549706216359066,1.9395073518053003,24.556927301959085,35.9600306800318,CFCH,2.347427083980361,,1.0335498518336246,4.978053364994863,11.265810996536413,10.441077148910356,2.835980355024579,10.108276610464978,1.2306405750832317,6.796883052440793,16.552146536905518,66.47907413315633,2.6529654685805064,3.851998897779005,40.70732340376503,0.9455926561989,1.7012425626471066,7.558230467502942,1.8166408562998786,4.2767265368175655,13.66360205892057,3.461278248284577,9.424802400325257,13.185472895474815,8.431564440166124,16.450496551417977,63.73467838659186,10.920445555446328,20.742775561972127,72.58415537057533
2017,2371.0,567.0,302.0,3.475397588319401,54.03556169561355,18.144310545618065,2.579617359385762,9.700773756787656,22.632906928760942,0.9364242449001137,,26.491677397583086,CFCH,1.8370518008167471,3.1035437293787203,3.5705404415297823,3.0705311331113565,16.36412260820001,10.67947146984438,1.0831033995108277,3.135598171035262,3.088901179410275,2.7213052028065547,21.31197838109321,56.589423402117724,0.8023575309499591,7.119621799428012,30.213991237960492,0.04418469201261272,0.9884111836410554,7.968762171314053,1.9267597380580237,4.121176673622733,17.71843878474359,1.2082047074418127,7.0857703979143345,12.349253038249966,4.63946309011013,26.287455001734664,54.919641833712134,5.512679027747749,30.382298602499077,67.26889487196209
2018,2408.0,588.0,289.0,6.264721973568936,36.77553173984913,21.6299600363865,5.198390941408214,28.94083368104794,18.714353721162812,0.8349274787420451,,5.870810173592822,CFCH,2.436195862998641,14.698711976854085,5.1146169940102455,4.4896812435690086,18.090340574869707,16.423321733092184,2.148846027865336,12.851011905909756,5.90748976791117,7.371149283773818,35.721238421509355,29.791802198049947,3.3334319563179666,7.714736943810033,21.108783302275324,0.6972113932428989,5.778923788307289,4.4949821384731345,3.2100612205836385,7.849341874351055,14.346748837326555,2.808705804607872,12.667422086108182,7.982288566552321,9.052124722734955,39.70007667837214,38.23283536458981,11.860830527342825,47.835493337262655,46.21512393114213
2019,2456.0,571.0,296.0,6.662298983001276,29.538495977304926,24.0280513972337,4.305423579807904,27.861104506949527,19.37363466345894,0.22028072627133446,,5.153364644360419,CFCH,2.9800419788744916,17.771553640559876,7.299341279955403,5.593008939293205,27.281408847290333,17.225891535341727,2.395522110952164,15.56411843155685,7.878048754453972,5.372662589622301,24.745889647682645,31.329159169711332,2.252196791063788,10.077080913707116,22.964144600895352,1.311428826780862,3.2815035163349022,7.208207299712817,3.116448218550457,11.864545552774608,13.88059727636813,2.6317877808899985,12.223227600837266,7.180070963264024,8.161280717293316,37.7417072540663,41.37497974178904,10.67799981102852,47.44782518776648,48.55505070505306
2020,2453.0,573.0,300.0,7.372044083938224,32.9385795975752,26.128723161802913,5.445810088559691,17.86226137981175,24.269401893663034,0.14784690730202196,0.4059685264932565,4.642281561336933,CFCH,3.474149985692736,17.40369274498661,10.56584726913502,6.397234453410527,29.56660738907269,20.297808175285045,3.175985430822192,17.99583653995663,8.375854505597342,6.433667979803803,15.2805740391557,34.74259844151784,1.9254556716940694,8.42186083096361,26.27127029951324,0.4069020183998616,4.119716071088926,8.646030150639234,4.390039278789788,9.31961727654331,16.49757436993203,3.7835543025989407,12.396491796032322,10.17152838700792,9.04734813061539,29.722865007019152,44.868878229794966,12.83090243321433,37.80320951720178,55.04040661680289
2021,2499.0,530.0,242.0,4.762068249726652,32.63601948117231,21.499914416762365,3.567833808979362,25.59032702911185,20.75691426865551,0.08916479504714798,,2.0883679314422396,CFCH,2.269710888837707,16.91215382513389,9.69710834606398,4.356642736314018,29.75706941741749,18.012453173504355,2.7607390120027966,16.54666940536259,7.840409275290938,3.9707510845896405,26.316458408385976,26.33274344335576,3.002259614212807,18.407454122437237,22.969824263001453,1.5324947862448846,7.4257259978017975,6.470487004458029,1.6108498258438562,13.483046551458775,12.046077569975592,1.1494853617037875,14.188490764226513,7.1425173028383675,7.17790845919987,40.481573866864146,37.20267931402175,8.327393820903657,51.34947583250159,44.345196616860115
2022,2582.0,548.0,312.0,5.789881884631565,26.141641366071074,27.184439636869502,4.363646631758474,21.581134436692572,25.306473993033116,,,1.2950249083344425,CFCH,2.373572113732066,15.662767228720515,12.307801689137358,4.4952674614064945,25.044141768406778,22.968919865494815,1.952372474852677,12.358850166024283,12.29060632286982,5.307941720917546,21.01394055060818,30.817018672742243,2.77454338336556,8.32467562292168,29.942077453275378,1.0184004612807256,6.325509519627574,8.45303713824914,3.2458152262984927,14.170489434941274,14.044569320223514,1.913153514705728,6.514852819248651,9.750957639348844,7.890055667618312,37.83264563530646,44.034980898888215,9.80320918232404,40.933404347561854,53.78593853823706
2023,2689.0,558.0,313.0,2.0910668695680927,21.760834508219755,31.945882542724945,3.911492121157865,24.126283217978283,21.68715717247776,0.13018666509707813,0.3507920216461416,0.6686728099478962,CFCH,1.5845779426210762,13.991008089721415,14.840235748265721,2.279784646729901,19.984526735710396,27.367407705828203,1.362277299786592,10.750693965699872,13.99310192797765,3.808247763229001,25.431705371566775,26.9343048193224,1.3481685526418605,11.625846809922562,27.1229430005131,0.5707737713858142,5.064261325160062,10.566286806049707,2.056904152897472,11.860791104600265,14.065609515281045,0.9108935609655915,13.433513982386003,7.9891629236705555,5.177138848993311,29.46356757433131,46.31254960148005,6.088032409958902,38.055393256788015,54.3017125251506
2009,6329.0,1600.0,1034.0,,,,,,,,,,CCS,,,,,,,,,,,,,,,,,,,,,,,,,,,,,,
2010,7215.0,1908.0,1031.0,,,,,,,,,,CCS,,,,,,,,,,6.989354531499488,,,1.7597326939030393,,,0.20303269548672095,,,0.8496706864251283,,,3.1780509450949648,,,3.8406616157625524,,,6.989354531499488,,
2011,7387.0,1934.0,1071.0,0.644460703171833,,,,,,11.760175635515887,,,CCS,,,,0.644460703171833,,,0.644460703171833,,,11.760175635515887,,,3.1710092647257517,,,0.2715399431152849,,,0.7886716781220283,,,4.455388618484287,,,7.949247720203432,,,12.40463633868772,,
2012,7461.0,1854.0,1028.0,2.925222759503756,,,,,,8.38592197864445,,,CCS,,,,1.486621183111923,,,4.619001589678906,,,9.824523555036285,,,2.5425586427190447,,,0.5584910624308227,,,1.2874146132482955,,,4.292197147742317,,,7.018947590405889,,,11.311144738148206,,
2013,8293.0,2209.0,1029.0,14.24203157901521,,0.4082303804961468,2.3798374325434075,,0.03690040245918063,1.5350063538294578,,24.631067775562077,CCS,0.7152093677337622,,,1.7763784261259623,,,0.4366247534983948,,,8.20246796717322,13.59138571897292,25.076198558517405,2.7219566052274926,3.1062050711747555,13.703673033092576,0.28069981686226997,1.151951729010009,0.9405872854265428,1.04704625995133,2.781825226715776,3.69958060200781,3.856502623782397,8.756597183926255,6.467604043748429,6.122343769516785,12.772089207735245,18.608594514768974,9.97884639329918,13.59138571897292,25.076198558517405
2014,8469.0,2212.0,1177.0,6.22127077282285,,3.176722839136051,0.2286028409210088,,7.908007826812681,14.729014943413695,18.4533467542678,45.436814214992154,CCS,2.0409871891556817,,,4.322210558328458,,1.9911117559531806,1.47663283504459,,0.03379465067324644,9.920434313116475,25.15526878351181,53.13100885554255,3.6567966375739087,6.590847849577845,30.409763217245782,0.9113433636842149,1.4515350979924448,2.8060819110407285,1.7707490893460816,2.93169281499162,11.066857139574648,5.704290280398691,7.993879524538422,18.723823954227658,8.284933122738964,18.99834762678136,40.59656946560354,13.989223403137656,23.02019817092174,54.922202858717846
2015,8486.0,2128.0,1150.0,5.996322665111141,4.114979446638016,12.233434366775981,5.299168384064293,,12.263225084790182,1.803975090833625,36.486146497917225,50.977442994673424,CCS,2.4828739640197988,,0.39939379594196395,4.761526716594197,5.399982323010706,10.601003537677078,2.1796365853220094,9.1474108285553,0.3580340893709615,7.982110948331144,27.781021099869793,58.804279676886814,0.7608191499025193,7.410183521766342,36.41203413124613,0.5275201548715128,2.6078528187912453,8.56769301146846,1.4019770176024349,3.7012151831782485,16.066969495458515,5.447241935850511,18.056534905520667,21.60623935141618,7.296395729074829,18.073320192282058,47.7990438631477,12.708109437572828,30.08467010401371,63.279998431784406
2016,8447.0,2054.0,1228.0,6.625258617459621,33.579148516858936,19.95777826416378,4.8935969545477604,,21.245100529480002,1.4471836250544887,14.569714329792788,37.720140547518966,CCS,2.930033504279812,,2.6102894820696507,5.158063260555243,11.752181506511523,15.199844328148336,2.5821920068092052,5.381477250448441,2.7295967714471616,7.586690650209948,19.82896292211554,57.59082033087874,2.4928764553472584,7.4926289198311675,38.979687690002386,0.6463679676625649,2.9734393011813025,9.187462824060653,1.834421190364463,4.1517460020189025,19.01946406984486,5.881180264250303,11.997150093435124,23.292826699900044,6.779741046622398,19.688425151822823,49.49783795912703,12.627388270915704,26.507788830827792,66.6583099768914
2017,9152.0,2200.0,1262.0,3.029755269182649,36.8003498846116,21.819565783095456,2.126943483590531,18.87399185187993,21.883302742026228,0.10752680113299368,4.38965182755052,23.620847089202133,CCS,1.6035793081849652,6.9558582001412566,4.745711094686442,2.6813728046096106,12.735236616382364,15.524220060594219,1.538576269106936,8.752389773206568,3.7382549008215857,1.7434167765727588,18.278346946467487,51.7994955537296,0.3399836988569146,4.65690377778532,35.67262811517724,0.2138223613210218,1.912383847560448,5.441431697012272,0.9711460974720527,2.3957882149046856,16.754216554996763,1.5598595720283324,13.074497910245345,20.950924902192835,2.9271259326855654,17.33715564631221,46.372790712130985,4.289814262383521,23.245404323129662,67.32371561432382
2018,9213.0,2242.0,1235.0,5.866247509932435,36.481640004179226,22.9259054599945,5.129519567842828,22.291546239948506,27.12069518174523,0.7509915773239597,0.22417227513438395,7.711716113085299,CCS,3.134872163854132,15.729296350886063,6.825581093558764,5.098045930752887,23.221077107575557,17.193990690051002,2.2702271654655677,13.008200663708397,6.573488370956121,6.431438087807376,19.25710241210041,40.56432606477403,2.761657461020746,6.867586966177189,31.005455747600394,1.0163796828187022,2.2927757334280527,5.007426310077443,3.6515845613746247,10.083808733603222,14.161676856415996,4.47105961541218,18.649340088026374,17.5627491129664,7.058424403148083,22.775581267313765,40.19556764185863,11.529484018560265,34.72765023688568,57.68657967617706
2019,9309.0,2154.0,1292.0,5.719284975624108,24.58752406702278,30.02018570343109,4.323949643758625,18.448681820715574,28.84464662674618,0.3613999455703288,0.22180950344134526,3.656505005703186,CCS,3.0132065702847757,15.239011754509988,12.294834299021119,4.808285578760921,22.383174324728227,25.081343065930955,2.4478364355533513,13.291668455291317,11.5508681040232,5.512067301748796,16.276883137600258,37.439994269949494,1.2957543090278734,5.57758865567918,32.3767384992553,0.7484696789302145,2.929424826962138,5.365934449666134,3.3640823510080473,9.342571482963201,19.189386986103752,4.755310334196594,17.27498215116579,21.175134819902546,5.565042546313123,19.102829688613735,41.34620251597791,10.269093463489256,30.11433114239097,62.52133733588045
2020,9337.0,2064.0,1224.0,5.409354183834697,24.267433462710017,30.007343819449332,3.8071764708284657,17.83399124187732,28.067208850384283,0.2166603203425386,0.13597381500735942,2.2869341650681854,CCS,3.0252632629779352,14.168508301353597,13.715921487721827,4.999687626269316,22.64135025790235,25.779005063450814,2.539298194455666,12.467030926565839,12.903945797702276,4.534502957308478,17.115012032352578,34.582481771450986,0.7813248814118119,9.929566378361105,30.36096390947222,0.26729595703187836,4.605260480615287,5.055845291614506,3.435550474770521,10.047896279394138,20.01196684916104,4.272980466058117,17.737229200548864,20.63890851117856,5.12333324894957,21.19980363022607,39.72257832372324,9.396313715007686,34.50417951861801,60.361486834901804
2021,9536.0,2090.0,964.0,4.8336260865081195,31.62796241203207,22.469694541433682,3.186341108420091,24.496468563071975,22.755647353500116,0.1897238070724859,0.29168379788874327,0.7792495774927328,CCS,2.416622742302334,18.432746899299662,10.1844818655685,4.270924455012995,28.119883911677984,19.569791108728307,2.0482660247341116,15.826457283991457,9.190934537061194,3.914405132583213,27.83278625328426,26.43480036369823,1.2598251332063533,13.69012510204165,23.80865701484314,0.9636464553015927,5.982300172521873,5.348653529680044,2.5057743272408115,18.125717104265245,13.298929998961658,3.5845516679201297,22.378537330094975,15.580173107194934,4.615237926492354,32.89233492901541,30.4244183652316,8.185329587596208,51.61770117693545,45.28125871766298
2022,10076.0,2183.0,1198.0,4.037523775762706,22.69432908786803,30.655902775108057,4.332972775918637,22.890579385191593,24.668470562381355,0.02293949366991974,0.13642101876498253,0.733244694855986,CCS,1.9777314548359666,13.547088511591676,14.970185339189339,3.4511975629808442,20.54283246136851,26.897715677950337,1.5942203826757824,10.73732137086709,14.540764808460503,4.823475105950598,24.21264746205328,29.159902354395054,2.459250722433858,9.325488040460469,27.716379107893157,0.9103042885815888,4.37864969724571,7.07546256085242,2.5839345219497654,14.828098602286888,17.22680715740724,2.442886348112624,19.215595733591996,17.205893677556265,5.693561359644946,24.80127223676311,38.85172435478913,8.087045387612891,38.5257993494418,55.53892053938328
2023,10329.0,2151.0,1313.0,3.9452259026745775,21.400741590247826,31.577833179931442,3.5996928354333178,17.88665069918441,29.808545593988015,0.11288979584350543,0.2082019568451582,0.6303829976762095,CCS,2.121425022402366,12.688220818384057,16.11756647786384,3.5739257889364824,18.96093424828412,28.900702727816977,1.640674094717943,11.146052695844443,14.321259474027421,4.057646730333196,20.12989330326214,33.11605904377869,1.3995830316433093,8.183521424825697,30.801201765343965,0.7646984348842953,3.8790705854123404,8.828331504115488,2.2329985261191885,13.9196191050071,18.181328079651674,3.5980711743899163,18.869758218897484,19.530448937188886,3.9587132387508674,19.669196839059385,42.24175463258021,7.516277891027016,33.00368664072611,60.89399830857661
2009,6125.0,1684.0,775.0,,,,,,,,,,CLA,,,,,,,,,,,,,,,,,,,,,,,,,,,,,,
2010,5603.0,1077.0,520.0,,,,,,,,,,CLA,,,,,,,,,,14.542339854815317,,,5.57117361392713,,,0.871609588842232,,,2.5045866093408193,,,4.909968361541196,,,9.667380211131313,,,14.542339854815317,,
2011,5107.0,882.0,618.0,0.17347128873807827,,,,,,16.081746522142897,,,CLA,,,,0.15212865797899772,,,0.15212865797899772,,,16.103089152901976,,,5.647344853788461,,,0.6373593978848863,,,1.6864518946109888,,,6.5967609134977785,,,9.727425415539104,,,16.255217810880975,,
2012,4743.0,779.0,712.0,1.7062474997020618,,,,,,10.019634159079803,,,CLA,,,,0.681180433321987,,,2.9050090434806437,,,10.837668795454299,,,3.9946848237122228,,,0.9507182727918099,,,1.4587101820947348,,,4.4430011198861195,,,7.123875728687389,,,11.50048600419405,,
2013,4746.0,921.0,604.0,9.73921588107965,,0.0419293416600073,1.5507611897319413,,0.28301344673026085,1.2882016803920397,,24.491360371625017,CLA,0.0955904464669638,,,0.8991972782903146,,,0.10251239241836123,,,6.327087973021634,36.93837720354193,24.816303160015284,2.410918003531098,14.365562858977595,15.53458417848624,0.29709249615088573,1.6701496750945404,1.1468353871315842,0.9556431169257128,3.7975458423983697,4.687505831662141,2.9291488137303068,15.796185198300783,10.439551769847373,4.479835411716941,26.546112867865507,14.376751390167913,7.2061726205798475,36.93837720354193,24.816303160015284
2014,4588.0,815.0,666.0,2.2597719263975096,,0.43824291808162774,0.6416957680594397,,4.4021629312534465,11.193835382188244,24.125727461465328,55.26406052595506,CLA,0.4626801962867559,,,1.256219092167401,,0.16219848881139207,0.3570394844958116,,,8.566655782115646,35.66856396877423,57.006970108294645,2.865181551813446,9.234438690327,40.381735352583505,0.799890296740911,2.3842662519080253,4.379731653605747,1.5285893473638512,5.589355148968415,9.55071505424645,3.6501218261951096,14.758710765268342,21.46853262914924,6.284886564170912,27.468274752541344,41.68638746691884,9.752297384350717,35.35297460636243,57.08924996880031
2015,4380.0,847.0,554.0,4.185309686961536,7.331979757273459,3.327924418777189,5.238036830288081,,5.51231577873399,2.75495715526228,35.78485179562164,51.88837848860381,CLA,1.3741459379662102,,,2.9208807637434853,7.955893263962038,1.902411284762846,1.2476097817571639,9.38149462297079,,8.275359700985847,32.684468430284596,54.08625495743112,2.306351149466927,9.503524759242973,33.3211697398412,0.3449474573356263,2.7000591642433753,3.3922241030111313,1.0019509597043916,4.016263303111614,12.278747855593224,4.258643009607908,14.688588160627658,20.534569984785165,7.02725689195552,29.905988877610913,40.967450527813845,11.10571367182039,38.03770479928612,54.77106618847385
2016,4207.0,852.0,577.0,5.97969638036993,50.452873263409465,12.073924377156452,5.668886962781206,,14.493316542740043,3.063384382204327,4.653102750712236,54.635061333709196,CLA,2.1365768815465187,,1.6248429488267853,4.527173608797588,17.1160188402549,8.131498168986779,1.8459746977383673,7.009713852489383,1.9404675060683518,8.827388504790036,16.857464235418842,61.15415722620833,3.009055131450049,7.960690950235601,40.311915123865354,0.8849983356600505,2.971009782997275,5.335439895586581,2.160888855495605,5.257039157961013,16.750861491090838,5.661322812299237,13.855559629088285,28.34290568326309,7.85221873087671,21.10949108485222,46.42369416958197,13.174042873168219,29.96167702895508,64.01071680078897
2017,4511.0,864.0,548.0,1.5333705614599495,44.93604884922167,11.752974434106601,3.1366356620496827,35.30355248959863,12.30545321170251,0.44165541627103005,0.3679893593438262,42.74063827429752,CLA,0.5413420383181308,7.239326813933593,0.6053438863949169,0.9266284213189032,17.111042300628544,6.932260278263445,0.43784520495455354,6.661925553855555,1.0353897121835383,3.239568777989788,22.274370880201595,54.41839558248212,0.545607572406514,8.568131605404336,37.790504642402105,0.35787222168490446,3.0548471225965312,2.795813675330391,0.7607538891074783,9.35449618693624,11.871334165765221,1.4925767116625634,18.092582097678495,20.34309163386532,2.4531632175440947,20.015700187906468,44.93623242067812,3.4869950318941445,33.263959482799635,60.26829281872835
2018,4572.0,977.0,572.0,4.969614281452267,26.592975659337082,22.094286904448218,5.19574625672979,27.950757865096545,29.821193696328194,1.1957873087715842,,24.244217597638308,CLA,2.4730284350724263,13.882617067701359,3.5853615473089557,4.164636656877103,19.467028047330245,14.531207698699395,2.2666942083785897,12.73843044620067,3.820177111561773,6.3751063341686685,16.676122699421914,52.026565740310254,2.633316037498455,6.60107927138144,40.483142787907425,1.041360968464155,5.040612477215161,4.105911395339793,3.35475466027716,8.383070822740011,17.922703145810452,4.029248214956641,15.287120512541746,26.390256221220728,6.621659663926671,18.13640770966587,43.63427137351946,10.21439014163343,28.36995399251869,62.620947833876954
2019,4522.0,917.0,508.0,5.185197651018267,24.40077691197005,27.519939900274906,4.567654917989908,29.076502331614194,25.827972852565104,0.8391743114894078,0.1137955182072829,13.464166764378328,CLA,2.020280051902127,15.82852327217449,8.971036600761977,3.78726754056849,24.252490881021327,19.139381243754173,1.9022960407909455,15.314051475346748,7.348201874456691,6.418723155448339,17.89482638144389,42.458163066668895,2.533626532268502,11.13940291120603,35.62319778297505,0.4916204477993829,2.6358785236177042,6.256787684567537,3.2679970108586116,10.596369009342165,15.533874386781843,3.4824358442771377,13.926525172050821,24.429722845728968,6.639552604168551,28.18670636934598,38.50487450453352,9.941341190703923,33.20052806318599,56.44892615870894
2020,4576.0,1098.0,581.0,7.7628132908475385,18.60312763602016,37.181629323010554,5.178367507753946,17.487475562501846,33.06856397468895,0.9364029895153068,0.05077088859416447,11.02628076650114,CLA,4.978712909276331,11.807938368358876,15.338364590436012,6.866805785063301,17.848550733535195,29.876302273811387,3.670256919048482,10.62674461872028,13.140222279567,6.704670269919063,13.483267125486195,45.02451619598366,2.343602013843612,6.22208078371269,41.369220158216066,1.5287239358012932,2.721300186126402,11.391554944264515,5.06041999587217,9.4385605911988,21.25091114001563,7.317180154847199,12.734318981424213,27.06003200700948,6.303311944109395,18.27979619637609,49.627281218030326,13.292782137075706,27.312282792052265,68.37765413413072
2021,4657.0,1058.0,381.0,5.909652133002577,30.132167982453048,21.167633158054436,4.615585719136043,26.068776373221834,24.67593600519754,0.35614942557875706,0.05726147018824707,4.470345043627607,CLA,3.063740018099749,18.763423249155665,7.849124636458071,5.1886943940678,28.788036772406628,17.60277998286866,2.9030379135079265,15.98056416330465,7.148456784726204,5.613769486209286,24.682407331270692,30.21167105029394,3.2847626006001613,11.48249990996416,29.469175569352682,1.24983998862269,6.396325911432899,4.914474815745211,2.9494652594449047,18.129480283759545,12.130944976730442,2.784564532863217,21.01331152168707,15.845807909698049,7.903960621147744,31.768442644704525,33.97207881167584,10.497092477119274,47.36256607756391,45.56192794963243
2022,4749.0,1062.0,405.0,7.505029633012087,29.217447332568533,22.808082627630633,6.20746127433104,26.00775627186241,25.305664399737786,0.1255379866648578,,2.2573725649422713,CLA,3.408829994704378,16.890090934236827,9.228839708497706,5.780746612329594,24.56603168100223,20.173384744025473,3.2970144440323303,15.449524815017552,9.21499413358722,7.664170745181391,28.50280392362003,29.10276748673542,5.167719269930818,16.974070785459777,28.54501413532687,1.3299803271525164,5.981527705540164,5.3883350338743945,3.834026337748582,17.82712760505702,11.262377575224171,4.340481205590543,17.0391858631694,15.170424471144479,9.043251109686757,35.42338959033746,33.31608783542185,13.293001278973236,47.14614065185099,47.960085690436614
2023,5044.0,1055.0,450.0,4.026183512359426,25.255755802305767,26.554878421724315,4.1948648208862265,25.9676502051528,24.826242897730335,0.19017271798423918,1.0754603781819634,1.6720817083065618,CLA,2.4974670802425365,14.235140307735918,12.643104518565915,3.588953612961282,22.111307963968805,22.89189405117945,1.7435401327011664,12.603481288342785,12.660683163576474,4.633648654058303,27.770096100034426,29.450067898072636,2.4759833089813497,12.363401225265203,29.007703744702702,1.869277437770197,4.567235882442368,7.05916015418588,2.020788883762757,15.423638148381878,12.815248591563698,2.6454355970812076,18.33474583589478,15.536481245583818,5.536995191391718,31.472903549935918,35.1178320121536,7.948845172635631,41.93397852373015,47.4103600460007
2009,382.0,209.0,0.0,,,,,,,,,,MACAE,,,,,,,,,,,,,,,,,,,,,,,,,,,,,,
2010,622.0,314.0,21.0,,,,,,,,,,MACAE,,,,,,,,,,19.397274060328435,,,4.0561127536152,,,0.712843614668327,,,0.5188541362174803,,,6.786835421653488,,,12.61043863867495,,,19.397274060328435,,
2011,843.0,428.0,18.0,1.6159464532225336,,,,,,20.97800896168972,,,MACAE,,,,1.6159464532225336,,,1.6159464532225336,,,20.97800896168972,,,3.184618795940858,,,0.5067389302626506,,,1.8813045575639153,,,6.100618774197062,,,16.493336640715192,,,22.59395541491225,,
2012,1089.0,463.0,28.0,10.110200955096646,,,,,,15.018910039478268,,,MACAE,,,,5.281348040932772,,,7.944208195316827,,,19.847762953642142,,,5.787053745003142,,,0.5621270017554847,,,1.9775536605348536,,,9.261743478229064,,,15.867367516345853,,,25.129110994574912,,
2013,1271.0,392.0,52.0,26.6802612667582,,,1.8938918599916608,,,0.9907625957980011,,,MACAE,1.1340920097922433,,,5.037500008275084,,,0.5424244455881376,,,12.213341557789468,,,3.984595489953467,,,0.3492265816403105,,,2.112174961843262,,,6.025493130651651,,,11.2253484354129,,,17.25084156606455,,
2014,1462.0,489.0,72.0,9.524063592931011,,,0.2654307123751965,,0.7595939232486139,16.288899965620303,,33.525162685188015,MACAE,3.228713341703883,,,6.902312631948365,,,2.4080590494613947,,,12.867046419026826,21.94143205085711,34.28475660843662,4.97182533152402,3.555953776597173,15.929655090667797,1.067993036473779,1.1197084498935999,3.053752280666029,2.368053108168754,3.590548684705801,5.402097851257309,6.472420275834767,7.754177815319376,4.518637571648724,13.296938775140424,18.998692378174983,29.7661190367879,19.76935905097519,21.94143205085711,34.28475660843662
2015,1592.0,498.0,186.0,11.760479362584206,,1.4223565323173015,7.003308879955399,,1.2981677502022104,2.589522686010042,24.40572167933427,46.46135874546352,MACAE,5.067848595339274,,,9.139382234060337,,1.4223565323173015,4.012893451607915,,,11.826489449081945,23.994612637209503,46.992294459895255,2.285641481975204,8.666029252845053,26.430140735497666,0.37334538744397283,0.43550609646248023,4.184349289137699,3.3636664287292506,3.00131540521468,10.903709776096434,7.263150163005389,4.728983766287258,17.058690742778065,13.702721520136894,21.16139759370875,41.98716733285703,20.965871683142286,21.80122686743235,47.75695072617649
2016,1712.0,552.0,148.0,9.828380667118363,10.927779195639742,7.55009650146669,7.138735977090744,,3.428699762901014,1.026822589223782,57.31731346544303,28.430271755057912,MACAE,4.271959277252502,,,7.825904559768916,14.79548873437899,4.886679615908984,3.7719661024303734,19.78139062907582,,8.91112997970204,45.039607508000095,34.52238840351663,2.7138797645578925,18.447544847277346,18.04513878483267,0.6274153679114619,1.3887546950035417,2.6781601651908957,2.452572267257478,7.482411489559114,9.088979523747067,6.520242248048617,27.433824008561842,8.027573460014455,10.216792291422339,35.79526943153867,31.38149455941116,16.737034539470958,48.662449093003566,39.40906801942561
2017,1843.0,515.0,136.0,6.944876785925364,60.8333961007248,11.07398781670794,6.3627532710103525,,11.542366266328429,1.1499659771724682,10.150791083444645,10.245439376021954,MACAE,3.402244880937785,,0.5863818526239636,5.313627114912023,23.561048054080548,6.638184319165422,2.6109633393593765,3.6079282499760623,0.6570618080741736,8.938247378437442,47.44154427936738,26.2236091398929,2.559671454925182,21.59503048278255,16.85130713874283,0.8593989263368974,2.992754475037428,2.823519679402754,2.774009416410182,8.688940219509005,7.537882208501274,6.280118236058224,27.86252010202565,4.984913641684711,8.250094346947584,41.70874793821669,27.87687981737361,14.251874493349465,60.49984376211891,32.861793459058326
2018,1988.0,542.0,132.0,7.458378399596873,44.42400259289793,14.325868750049706,7.3014844596622615,30.049027847787105,17.853896967199496,0.3030400963016595,2.1639269579742604,4.550602100921178,MACAE,4.0507199622249965,14.825441181574456,2.6211551257479,6.836393855794532,22.868935268088514,9.34397972154402,3.697751687708952,10.473156109012852,3.28279293680396,8.040990621610865,42.51158731569636,27.386388096626355,4.27020124839552,18.313786907019903,17.642033595024138,0.8960144652653946,2.4968770941626888,3.7186466957210986,3.98641308956255,8.474193543013547,11.152793738716886,5.780753018669606,30.11284987427083,4.895110818157681,9.09663145873579,33.61161747918083,31.835257000012692,14.877384477405394,55.74349560183796,36.73036781817038
2019,2118.0,522.0,190.0,7.633235949766571,34.23156464085535,27.93556221364287,5.855914056521251,22.971976197412246,27.98587716729061,0.2030382273611039,,1.3729273706558474,MACAE,3.60997685150714,19.509453189966703,9.619681637937303,6.211476092839845,29.509650193323218,21.56446801918601,2.718578681058099,16.79143447740455,9.610405367971246,7.368596787900526,25.62809367946723,35.72989873240332,3.401933074707748,10.360606386490366,28.71757118361791,0.7062187098557278,3.071797561480358,3.644401036674022,3.936512223928892,18.223677851461616,16.614865824823347,6.089392528888174,21.57067023044142,12.241164416228063,7.490680351852197,30.180297569169152,43.88858162399835,13.580072880740374,43.38767457472847,48.55971141636743
2020,2146.0,504.0,192.0,7.8692745397884725,40.096852819283576,22.032875854050996,6.05123321874044,27.82198105243442,24.304455568265052,0.055521405484721696,,1.1161272815184924,MACAE,3.4901334485292272,23.074169834404763,10.193242975326397,6.5310582896533145,35.8090436371106,17.55842633704537,3.369807154179309,19.56431951958526,7.965865812751211,7.334125522135658,31.23062929204204,29.895032366789167,2.5963187033963386,11.866074122801585,23.438399511766235,0.512055715852726,2.756776368839726,4.406640168190501,4.746056442180699,11.93087616133526,15.380939314657663,6.453552452972416,24.57779051551667,13.195835464073443,7.411631358816558,40.00292230476437,34.25762323976109,13.75363459679148,57.157532042218186,39.26718566772835
2021,2171.0,515.0,183.0,7.629417504815934,39.16469676699161,18.941943949109945,6.5852128063686255,27.135673024787103,20.15498962097568,0.05007873340974581,,0.425522581211204,MACAE,3.5017779398130657,23.171748566526077,9.4678612183275,6.637391904656591,35.96344604200398,17.1118032409875,3.212439682683779,18.694016894480864,9.016287698137115,7.627317139937715,29.895365238577998,22.410652910309334,3.9322518584563544,16.962127808967114,19.359958337675035,0.7021300283911747,6.829685928454001,3.088165705422994,4.2198155540023015,20.860306393045782,13.929737391011562,6.257501013564658,26.264484710223893,8.084840848755642,8.007208031029647,37.119846644095325,31.437615302541193,14.264709044594307,55.86641462139209,39.52245615129683
2022,2206.0,506.0,226.0,7.568334347050471,31.535256487795856,24.371956057005256,6.497653342377132,28.346803168213075,19.20682618583962,,,0.3843804387729106,MACAE,3.199845489618308,17.643496587821133,11.855497154110674,6.220736466207962,29.243192287855457,19.44172013276767,3.044649422591258,17.742200503534818,8.329125641653985,7.793993262869376,30.291182973518143,24.521442548850118,4.4832649463494745,15.200612039898745,21.107881848595458,1.1763583416328416,3.069944275903566,3.55301603828307,3.623128341954236,20.304535586728665,16.359749127124513,5.666514577483345,26.956261105128707,9.832102629129007,8.348215151593994,30.614773976735393,34.131060052488785,14.014729729077338,51.10762895223711,43.96316268161779
2023,1941.0,493.0,273.0,3.7635602726082293,18.41132206116576,37.74299141754941,4.189709403463185,11.21012595208462,31.466015059429317,,,,MACAE,1.8300523857509738,11.483256249107631,20.035802096815402,2.989604111839618,17.919070233379834,31.59308510266968,1.5700936971662764,12.627752924450078,14.465261808723188,4.963665564231796,11.965151144459044,37.61592137430905,2.4347581851967073,2.9596231627784326,33.51618860727505,0.7035650541406122,2.0064754477168716,10.027447576124395,1.3028306284500166,10.563713133902557,22.7650897966991,3.032212360063123,9.969590075783142,13.909062255228426,4.984286204584939,18.166605216134304,55.2999442217503,7.489453036960263,22.683382187840962,69.20900647697873
2009,110.0,63.0,0.0,,,,,,,,,,CAXIAS,,,,,,,,,,,,,,,,,,,,,,,,,,,,,,
2010,201.0,124.0,0.0,,,,,,,,,,CAXIAS,,,,,,,,,,14.29669832654907,,,5.422885572139304,,,,,,,,,5.422885572139304,,,8.87381275440977,,,14.29669832654907,,
2011,285.0,143.0,0.0,2.5983139667350197,,,,,,27.77079479348914,,,CAXIAS,,,,2.5983139667350197,,,2.5983139667350197,,,27.77079479348914,,,2.044744889747304,,,,,,3.319382693598049,,,13.611635427183472,,,16.757473333040693,,,30.36910876022416,,
2012,352.0,138.0,0.0,6.304975086434817,,,,,,19.084651191928877,,,CAXIAS,,,,3.8261479851244946,,,8.097033524361544,,,21.563478293239196,,,6.985399597605974,,,2.896928295418228,,,3.008751071355937,,,10.58790203085505,,,14.801724247508645,,,25.389626278363696,,
2013,431.0,139.0,13.0,23.284405194354974,,0.4529886200419843,0.620270727185813,,0.4529886200419843,,,3.1709203402938897,CAXIAS,0.3101353635929065,,,2.704602080511952,,,0.4920393631490519,,,14.345923716271333,23.001755484354092,4.076897580377858,4.582767001639909,2.3376449775006103,3.1709203402938897,0.620270727185813,1.2303394618424264,,2.997384704534342,3.075848654606066,0.9059772400839686,4.442478174296317,10.826987264213354,1.8119544801679373,12.60804762248697,16.989869477624055,2.2649431002099214,17.050525796783287,23.001755484354092,4.076897580377858
2014,484.0,147.0,89.0,9.41971909775701,,7.113341204250295,,,7.4269480519480515,15.005109455235464,47.31566373966942,46.887913223140494,CAXIAS,0.9536450741388831,,,4.062987337120797,,6.264757969303424,1.2592716097226853,,,15.179060593885824,47.31566373966942,50.37448347107438,5.619157587363146,10.067471590909088,33.55593270365998,1.1620690265819744,3.3558238636363638,5.602494096812278,2.3413744600603144,5.33154700413223,13.63451889020071,7.7865809087731,25.11783316115702,22.991071428571427,11.455467022233519,27.45674070247934,46.074380165289256,19.24204793100662,41.59187758264463,52.00154958677686
2015,475.0,148.0,51.0,12.345715319620671,10.287072881279995,9.528849933510083,6.230808112718772,,4.033755133105289,0.7024704618689581,61.057733862583305,21.724355382337937,CAXIAS,7.944312653290981,,,10.190727008506753,13.706400067846422,7.387757491615579,6.748726284772283,19.890006138865882,1.883094833858841,9.088266885701648,49.271389236881795,27.899202957337728,0.468313641245972,27.6902409408886,17.51222327230758,3.4685031907499844,4.798965996844787,3.462326561676717,4.683136412459722,11.594554983910117,8.137563039969221,4.683136412459722,21.121621078099356,11.833699933928257,12.69577304606053,46.07646897160908,23.453260515025047,17.09717571239022,52.291120278798246,35.28696044895331
2016,444.0,93.0,62.0,9.885971439183328,76.63260153219991,13.200013200013197,6.193277238339558,,14.26087259420593,1.1522548435300113,,17.421909088575756,CAXIAS,5.1053107620701095,,4.400004400004399,7.753103055116478,25.785629400087227,9.534076200742867,2.4392561305312985,,2.2007355340688672,9.478400465936419,31.079335608563625,35.34871868205201,2.442340985006373,15.640733411817749,23.12073978740645,1.2870012870012868,2.628977472797196,3.6659369992703326,2.564994798935355,16.88029880800965,13.754505421172087,6.107518283932475,24.443920851774482,12.233845567178902,11.123985237120424,29.387305915641473,32.64894931561598,17.231503521052897,45.452848732634536,44.88279488279488
2017,497.0,150.0,84.0,4.861622565582174,32.94682658987558,20.955734406438633,3.837667514521089,26.137849940811723,27.2719651240778,0.5434465423914934,,12.756539235412475,CAXIAS,3.606655987742847,11.930244228466226,6.753856472166331,4.603469875858928,17.239763420954063,17.422870556673377,3.054553737519457,10.573865077593574,7.178068410462777,4.675063617412728,21.37405431693394,43.561368209255534,,,29.305835010060363,1.0239550510610833,4.149592390020878,4.701542588866532,5.0602664140290905,7.81103830346111,20.377263581488933,5.27396652514354,19.37244610247336,24.42320590207914,5.145742378801109,20.074590073542485,36.56103286384977,8.993239640603408,29.537770485337514,59.32092555331991
2018,501.0,146.0,53.0,10.099067355420557,41.58996850635708,15.769572231261856,4.991139278428134,29.588199271481063,17.035453582792343,0.7428037980885773,,3.5338071970689087,CAXIAS,5.164666543541649,28.929582109337083,6.14636409486338,7.937264181845776,35.555122396104714,13.005884713861949,4.612127111986374,18.199652651178944,5.602940344602531,6.822903755411822,32.74241715400342,23.33294829726116,1.6746648546877876,7.470913700848234,17.914270688598197,0.9569513455358786,16.631159414835526,2.0598320703991715,4.446953034389739,21.490674216915245,12.887886210590645,4.925428707157679,18.744253238002198,13.846340818402888,9.834739230099919,46.98121052137968,22.49249219272022,13.86861770439,57.531813537531,36.33883301112311
2019,540.0,158.0,58.0,11.158535911177257,42.65179927801968,17.666666666666668,3.289754339511621,21.748206627075547,20.345238095238095,0.6472491909385112,,1.4007936507936507,CAXIAS,5.347620022805631,29.0695284496697,6.2142857142857135,9.611738217891846,37.57650271934131,14.932539682539682,4.308891792472603,25.360538436774412,4.773809523809524,5.500760027459057,25.008445747462158,24.480158730158728,3.9548396587231545,9.186077643908968,21.773809523809526,3.5938073866400537,6.533420216168451,5.48015873015873,3.9817771278365224,28.653031142333184,7.384920634920634,4.724309773924279,16.710729280759402,16.82142857142857,9.887099146807884,45.21632109869543,22.591269841269842,14.611408920732162,51.9325085084329,39.41269841269841
2020,552.0,161.0,73.0,11.88660055936944,15.614596936168857,43.64323157570151,6.74086401775189,8.613540569960708,35.39437506424093,0.1976284584980237,,0.71256038647343,CAXIAS,6.246215010517069,12.122764312453613,18.914231935450715,9.538173496983568,14.005595133245999,32.8918054270737,4.402607308785798,6.15098570305944,22.602335800185013,9.051730115803343,9.082400535819035,46.85836159934218,2.644291889143148,2.26191357032067,34.36992496659472,0.592885375494071,7.461599774844138,6.975537054167952,7.190902156577214,6.251097935880546,33.52933240826395,8.111319141067424,12.07142345440218,23.255344845307842,10.478584471719483,10.01828606197914,56.49482218110803,18.589903612786905,19.5406061838913,74.72299311337238
2021,578.0,160.0,48.0,7.55120884771543,45.71530019753782,11.677246742691214,4.989695190237254,23.136911953163374,20.68115232356072,0.20960873036997604,0.7814184634421105,,CAXIAS,4.8402218850921,28.11910928672454,4.848602626638991,6.094238123923062,42.51981333966836,10.126119192279567,3.133593350204489,24.94212071163368,3.5296125961480525,6.6562746443995975,27.512996164861356,22.232279873972363,0.20960873036997604,20.95918041527246,16.409780609369854,1.8760645762584767,10.826500644389593,3.8440142188661053,5.44883812342863,20.591885096536124,11.445109222770505,5.003003681054396,25.820233257767665,11.332153350163795,7.747509087268265,43.40011809376222,21.026245716088134,12.75051276832266,61.85768867702179,32.35839906625193
2022,529.0,128.0,64.0,12.362165760647066,34.08868337676648,24.12341344855523,11.324799788882965,22.263324083299963,21.112881447475022,0.7747437462922389,,0.6483931947069943,CAXIAS,6.118326725884959,22.6491915065185,11.089116932217122,10.583975981512106,32.13803002353159,20.308668647042936,5.598250206000678,19.74595493880729,10.032136105860113,13.637433420042115,23.535267821575758,25.576019443694303,9.962623667727637,5.101422891038951,24.874156089657035,1.6687732272782416,4.382243660778306,8.304617877396705,8.08488651957301,28.792278851356816,11.382392654604375,7.590774939546207,25.290113263938668,15.108560626519038,16.15003467347192,31.15388009928783,30.776127464218202,23.500509718750084,47.12841948590922,45.88468809073724
2023,552.0,139.0,49.0,8.007441218704471,42.83795481481726,15.022376978898716,3.2469569521639983,26.253632727698328,17.58779084293958,,0.6465186718809907,0.6898697116088421,CAXIAS,3.818376675624729,24.394356814424192,5.518957692870737,7.120465875207391,36.82725928053922,12.95276784407219,3.9874245652428932,17.48595201589099,8.201058201058201,3.7230367121312264,33.23303065341586,20.347269689374947,2.5491333563225,19.096982593359403,22.262122147705668,2.197334500705287,9.474864239356995,4.139218269653052,3.942344246842939,28.07129103134061,6.89869711608842,2.7583889620155033,26.032018834110115,11.301585100212105,8.085113625323114,43.16402984722334,21.998452433235045,10.843502587338616,58.27564813072059,33.30003753344714
2009,84.0,33.0,11.0,,,,,,,,,,ESCOLA DE COMUNICACAO,,,,,,,,,,,,,,,,,,,,,,,,,,,,,,
2010,90.0,36.0,22.0,,,,,,,,,,ESCOLA DE COMUNICACAO,,,,,,,,,,26.027397260273972,,,12.328767123287673,,,,,,4.10958904109589,,,10.95890410958904,,,15.06849315068493,,,26.027397260273972,,
2011,81.0,28.0,14.0,,,,,,,22.058823529411764,,,ESCOLA DE COMUNICACAO,,,,,,,,,,22.058823529411764,,,17.647058823529413,,,,,,2.941176470588235,,,11.76470588235294,,,10.294117647058822,,,22.058823529411764,,
2012,77.0,4.0,9.0,,,,,,,,,,ESCOLA DE COMUNICACAO,,,,,,,,,,,,,,,,1.4925373134328357,,,,,,1.4925373134328357,,,,,,,,
2014,80.0,95.0,17.0,4.411764705882353,,,20.588235294117645,,51.515151515151516,97.05882352941177,,,ESCOLA DE COMUNICACAO,,,,2.941176470588235,,,,,,,30.35914702581369,51.515151515151516,66.17647058823529,22.16610549943884,39.39393939393939,5.88235294117647,4.09652076318743,,16.176470588235293,11.616161616161618,3.0303030303030303,45.588235294117645,27.833894500561165,9.090909090909092,76.47058823529412,19.191919191919194,42.42424242424242,,30.35914702581369,51.515151515151516
2015,84.0,2.0,13.0,,,2.7777777777777777,33.33333333333333,,5.555555555555555,,64.36058700209644,27.77777777777778,ESCOLA DE COMUNICACAO,,,,,,2.7777777777777777,,,,,57.23270440251572,33.33333333333333,,57.23270440251572,19.444444444444446,,,2.7777777777777777,,,5.555555555555555,,26.62473794549266,11.11111111111111,,41.45702306079665,25.0,,53.66876310272538,36.11111111111111
2016,79.0,2.0,19.0,2.8169014084507045,,3.571428571428571,,,25.0,,60.7142857142857,39.285714285714285,ESCOLA DE COMUNICACAO,,,,2.8169014084507045,,,,,,,32.142857142857146,67.85714285714286,,14.285714285714285,39.285714285714285,,7.0362473347547985,,,,17.857142857142858,,13.805970149253731,17.857142857142858,,17.857142857142858,50.0,,32.142857142857146,67.85714285714286
2017,82.0,12.0,21.0,,,,,,,,,,ESCOLA DE COMUNICACAO,,,25.0,,,,,,50.0,,,,,,,,,50.0,,,,,,,,,,,,
2018,70.0,0.0,21.0,,6.315789473684211,5.263157894736842,,46.31578947368421,12.631578947368421,,,4.2105263157894735,ESCOLA DE COMUNICACAO,,,1.0526315789473684,,7.368421052631577,1.0526315789473684,,,1.0526315789473684,,70.52631578947368,21.052631578947366,,47.368421052631575,8.421052631578947,,2.1052631578947367,1.0526315789473684,,7.368421052631577,5.263157894736842,,24.210526315789473,6.315789473684211,,53.68421052631579,15.789473684210527,,77.89473684210526,22.105263157894736
2019,62.0,3.0,11.0,,,,,,,,,,ESCOLA DE COMUNICACAO,,,,,,,,,,,,,,,,,,,,,,,,,,,,,,
2020,52.0,0.0,11.0,,,,5.88235294117647,,,1.9607843137254901,,,ESCOLA DE COMUNICACAO,,,50.0,,,,,,50.0,3.9215686274509802,,,,,,,,50.0,3.9215686274509802,,50.0,,,50.0,,,,,,
2021,55.0,1.0,11.0,,,58.333333333333336,,25.0,33.33333333333333,,,,ESCOLA DE COMUNICACAO,,,25.0,,,41.66666666666667,,,33.33333333333333,,25.0,50.0,,8.333333333333332,41.66666666666667,,8.333333333333332,,,,41.66666666666667,,,25.0,,25.0,66.66666666666666,,8.333333333333332,91.66666666666666
2022,98.0,49.0,8.0,,,,,,,,,,ESCOLA DE COMUNICACAO,,,,,,,,,,,,,,,,4.545454545454546,,,,,,4.545454545454546,,,,,,,,
2023,129.0,46.0,3.0,2.2222222222222223,,,5.555555555555555,,,,,,ESCOLA DE COMUNICACAO,2.2222222222222223,,,4.444444444444445,,,2.2222222222222223,,66.66666666666666,3.3333333333333335,96.07843137254902,,3.3333333333333335,,,,,66.66666666666666,4.444444444444445,,33.33333333333333,2.2222222222222223,,,5.555555555555555,,,7.777777777777778,,
2009,720.0,179.0,146.0,,,,,,,,,,IFCS,,,,,,,,,,,,,,,,,,,,,,,,,,,,,,
2010,730.0,225.0,6.0,,,,,,,,,,IFCS,,,,,,,,,,12.098314161693501,,,2.906568173467289,,,,,,1.217864514918371,,,5.877619877527737,,,6.2206942841657655,,,12.098314161693501,,
2011,648.0,166.0,155.0,0.2721661054994388,,,,,,25.10674419196816,,,IFCS,,,,0.2721661054994388,,,0.2721661054994388,,,25.10674419196816,,,11.873598306117211,,,1.3109375703907409,,,4.4771449221710995,,,13.555204948456838,,,11.82370534901076,,,25.378910297467602,,
2012,620.0,204.0,67.0,2.4100020990764066,,,,,,14.710589840470194,,,IFCS,,,,1.348000629722922,,,4.774086901763224,,,15.772591309823676,,,4.799669395465995,,,0.7097502099076406,,,2.083333333333333,,,7.807252308984046,,,9.313339630562554,,,17.1205919395466,,
2013,691.0,160.0,78.0,15.752713831392464,,,1.6088880520449407,,0.3636498571375561,,,49.42889925194234,IFCS,0.7353643317983253,,,1.6349918774742498,,,0.36768216589916264,,,2.318148558413957,25.156303023366874,49.792549109079886,,28.364688856729376,29.86109809912306,0.1903670393069086,,0.709260506369016,0.354630253184508,28.364688856729376,9.256464998609403,3.3689874052528266,40.80218533128478,21.749700295644615,1.1422022358414512,42.88208428456101,28.042848813435278,3.9531404358882063,25.156303023366874,49.792549109079886
2014,163.0,17.0,21.0,3.888888888888889,,,,,8.771929824561402,15.555555555555555,42.245614035087726,28.07017543859649,IFCS,0.5555555555555556,,,3.3333333333333335,,,0.5555555555555556,,,15.555555555555555,22.94736842105264,36.84210526315789,8.88888888888889,48.35087719298245,15.789473684210527,,11.368421052631577,,,29.82456140350877,8.771929824561402,14.444444444444445,30.947368421052627,15.789473684210527,4.444444444444445,48.63157894736841,21.052631578947366,18.88888888888889,18.947368421052644,36.84210526315789
2015,129.0,9.0,15.0,2.112676056338028,15.231481481481483,,9.15492957746479,,2.7777777777777777,4.225352112676056,64.39814814814814,18.055555555555554,IFCS,0.7042253521126761,,,0.7042253521126761,15.069444444444443,,0.7042253521126761,14.583333333333334,,14.788732394366196,61.458333333333336,20.833333333333336,5.633802816901409,35.0,8.333333333333332,3.5211267605633805,10.87962962962963,,,15.555555555555555,5.555555555555555,6.338028169014084,65.46296296296296,8.333333333333332,9.15492957746479,29.35185185185185,12.5,15.492957746478872,66.66666666666666,20.833333333333336
2016,120.0,0.0,20.0,,34.02540834845735,1.0526315789473684,,,8.421052631578947,3.508771929824561,48.67513611615245,11.578947368421053,IFCS,,,,,11.637023593466425,1.0526315789473684,,,,1.7543859649122806,68.62431941923775,20.0,,15.143375680580762,14.736842105263156,,6.439201451905626,1.0526315789473684,3.508771929824561,21.633393829401086,4.2105263157894735,2.631578947368421,43.26678765880217,15.789473684210526,,36.11615245009073,5.263157894736842,,78.36660617059891,21.052631578947366
2017,139.0,2.0,23.0,,36.7982809562181,7.843137254901961,,62.85253827558421,9.803921568627452,,,27.450980392156865,IFCS,,19.231802309965083,,,25.62449637389202,1.9607843137254903,,14.42385173247381,,,26.43029814665592,43.13725490196079,,13.483749664249261,17.647058823529413,,,5.88235294117647,,,11.76470588235294,,43.728176201987644,21.568627450980394,,10.26054257319366,23.52941176470588,,44.399677679290896,45.09803921568628
2018,134.0,0.0,22.0,,,58.82352941176471,,59.411764705882355,35.294117647058826,,,35.294117647058826,IFCS,,,11.76470588235294,,,41.17647058823529,,,5.88235294117647,,,88.23529411764706,,,58.82352941176471,,6.715686274509804,,,,52.94117647058824,,,64.70588235294117,,,64.70588235294117,,,
2019,125.0,1.0,19.0,,,55.55555555555556,,,,1.7857142857142856,,22.22222222222222,IFCS,,,22.22222222222222,,,44.44444444444444,,,22.22222222222222,,,,,,88.88888888888889,,,11.11111111111111,,,66.66666666666666,,,,,,88.88888888888889,,,
2020,122.0,0.0,13.0,,,,,,,3.7735849056603774,,,IFCS,,,,,,,,,,,,,,,,,,,,,,,,,,,,,,
2021,122.0,1.0,14.0,,,,,,,0.9174311926605505,,50.0,IFCS,,,50.0,,,,,,,,,,,,,,,,,,,0.9174311926605505,,,,,,,,
2022,121.0,0.0,5.0,,,,,,,0.9259259259259258,,,IFCS,,,,,,,,,,,,,,,,,,,,,,,,,,,,,,
2023,183.0,41.0,19.0,,,,,,,,,,IFCS,,,,,,,,,,,,,,,,,,,,,,,,,,,,,,
2009,29191.0,7477.0,3829.0,,,,,,,,,,UFRJ,,,,,,,,,,,,,,,,,,,,,,,,,,,,,,
2010,30317.0,7849.0,3389.0,,,,,,,,,,UFRJ,,,,,,,,,,12.393490555269594,,,4.954772364432339,,,0.5281515148640972,,,1.6005077624177855,,,5.921178449768697,,,6.485768978805379,,,12.393490555269594,,
2011,30677.0,7845.0,3820.0,0.5660033425751645,,,,,,14.317545900625893,,,UFRJ,,,,0.5624502958207027,,,0.5624502958207027,,,14.321098947380355,,,4.085933658718399,,,0.41088835191760603,,,1.32469983525497,,,7.574789913688527,,,7.330995166272262,,,14.883549243201058,,
2012,31013.0,7512.0,3825.0,3.169395090735656,,,,,,9.557870202159094,,,UFRJ,,,,1.7286847399304295,,,4.575284892309785,,,10.922503395753104,1.4316576919356399,,3.231273826482619,1.1374950330594749,,0.6211396985165997,0.07508954139804379,,1.38003948411615,0.3157230222478804,,6.355876363719854,1.2470315917985353,,6.329398677563676,0.8230111121547966,,12.644918193550556,1.4316576919356399,
2013,34244.0,8660.0,3662.0,14.812045950852136,,0.11757390854216833,2.2346974733878646,,0.4333316693500403,0.7451738186298482,1.5155939726667444,16.343507959599343,UFRJ,0.6459922010383008,,,1.845805181862729,,,0.45023758728454166,,,7.048954880383719,14.040614182443498,16.536882504816433,2.189350318942987,5.765925592748102,10.412619425191087,0.31140524126708724,0.8850313914706242,0.6403518979341082,0.9905930618993343,2.5902415877538725,2.4911122263929917,4.5469655195472685,9.331410948622825,6.092763082277548,4.34368761753465,11.202184152542195,10.879374592752072,8.77862138956197,14.012802777894562,16.536882504816433
2014,34615.0,8488.0,4526.0,5.205596294483332,0.519073291948752,1.6970224952260269,0.3956241936004567,,4.742121168748743,13.73401437699445,17.581078445196102,52.781250362901645,UFRJ,1.7213110293823393,,,3.5750279267978065,0.5345423635631187,1.1125253902955192,1.1939727204907817,0.5156357204788927,0.008268291103617625,9.893497803447309,29.679844909251123,56.84199061500955,3.84025016105472,8.866188185933275,35.42566687058177,0.7148127922830995,1.708296628893242,2.709765088393078,1.5571804751631317,3.907802237096115,9.35363015291318,6.9257557487055665,17.569492216643535,26.40395348228581,6.544127460925732,18.15817627942205,34.35372751351949,13.372638834845276,28.828588184631005,57.43985455899569
2015,34277.0,8185.0,4500.0,6.141385009608903,5.523864183276224,6.473814401837631,5.618109241217278,,7.948608265719691,1.9352459239012767,37.483896829096764,50.178496440188304,UFRJ,2.434117450190788,,0.23491168886001637,4.808627393050557,5.626712356401276,5.206041022400031,2.2859487817758097,6.676585829853895,0.2294933314236044,8.414795714058016,32.49541511808027,55.76264357460452,1.593310050459258,9.974978013859651,36.02710500658789,0.5475873376844204,2.0759115709639,4.697901630406934,1.7988452014015452,4.392094531311257,11.446677479967278,6.895415177098115,21.283367663342826,27.174407093764117,6.356616104321154,19.36781087708221,38.15273031063807,13.16934336682469,33.68692405823239,58.54872698569015
2016,33422.0,7871.0,4628.0,7.224692482430742,30.93442000096509,13.232420984377486,5.469650077535897,1.3912991442762253,15.82060822553653,2.235760852759488,20.653442550805075,40.79933814053249,UFRJ,3.34487664116593,0.557622755185378,1.391612264691451,5.999735352105942,14.311998374238671,9.71102981906235,2.916125600859013,10.730148242864878,1.390405645548605,8.539633383282014,22.977114964396936,55.55815018833804,3.2400824104321826,10.185150998744408,37.961166626472846,0.7912637636630372,2.2910521975053597,4.777454312525882,2.6946165818864656,5.054072553630969,12.61437575633176,8.063625315852372,20.118663970471506,28.489914364887582,6.462370704266725,17.998920955901983,38.73011210520775,14.398507833253124,31.97493438641033,61.90881585702029
2017,35730.0,8298.0,4460.0,3.1975619286899826,51.56925568225107,16.984109501692007,3.353949964748086,17.101399864820966,20.228335182157252,0.3017574029704644,1.8130166524308096,26.043607481493538,UFRJ,1.6602343788754863,5.906291317858254,2.668481549144808,2.739830025188053,18.029231420217943,11.519269546790403,1.3867381324409054,6.149600386229844,2.6046872897147826,3.1927018697628022,22.050307561148863,50.819408485393204,0.9653700845669778,9.13292443419041,35.32482918594769,0.3609333667588553,1.9836966145797164,4.088660218468456,1.35310540384566,6.674712529310539,12.97032739025358,2.925176695606451,19.686111594763723,26.769766832687374,3.0159950473934023,19.517490315520607,36.06491517996705,5.755045753295816,32.652074714572,61.25651891807724
2018,36040.0,8624.0,4476.0,6.302814136106831,31.8606169807225,20.70882386301477,5.555058527207089,31.01343991877828,24.43365897418779,0.7802968077095098,0.1969912372922967,11.24533085786626,UFRJ,3.338660642008257,15.689932112388112,5.322713389176159,5.544980912449834,21.85926024739652,14.969081099698313,2.7506029240899332,13.37265616723261,5.006848319054492,6.7842766467967754,25.167305321922772,40.200641585381604,3.406003650161286,8.828717792616153,31.06870744304319,0.9635897335278499,3.392821982944548,3.785896137679666,3.8112226040195902,9.49458324316573,13.142998488393006,6.427824209528564,24.070987802189507,24.04219957100915,5.8758831438729064,21.771539571882055,31.56731223726722,12.22895259375522,38.54789568531506,54.36373690730317
2019,36264.0,8370.0,4288.0,6.273499328851922,29.803044592993803,24.751606882795507,5.094102295644365,23.42836223857276,26.360613868531694,0.451275341156868,0.08411358902515392,6.21657729763748,UFRJ,3.1946342157251273,18.440113506128164,9.083383823085454,5.313070736254197,27.982765952565018,19.833938848510645,2.5891255875998667,16.678792372744173,8.294561161874189,6.299512123579318,18.97769130537099,36.55875742260838,2.5472673134173154,9.067939508422016,31.385202340036937,0.8447182592170692,3.57286869293814,4.915270819994153,3.602124326745001,13.746368928161111,14.651481518330511,6.342563407370778,23.95877136308409,24.220775821228212,5.247136869522531,21.292600528247206,32.42382434176823,11.516866285521195,38.29424413503532,54.757413551289645
2020,36318.0,8362.0,4337.0,7.11659659958677,28.067680106491736,26.63277453423962,5.214055792104554,20.598060356703726,28.24028189703663,0.3543151129284985,0.0687745991634608,3.9901610946360053,UFRJ,4.087393072950551,17.003894415055296,11.471079737600029,6.518007516251852,26.963770344248154,22.095125180823413,3.316683852269072,15.818823552264318,9.828756155972957,5.966821829375625,17.738201825730698,35.96477167765121,1.7945714325019677,10.971404317966472,31.41012221740601,0.6901470871735538,3.955899872148881,5.300546193730951,4.3315037854119085,11.62147293934214,16.771394527898494,7.05752288158997,23.115928666984995,25.521839902970743,5.3924207194138924,20.11360597839301,32.691562104465824,12.402061410328397,37.47193955206397,56.53468231099173
2021,36956.0,8256.0,3345.0,5.7699422729171115,32.964606935218626,20.810321964861757,4.246027198253819,25.74981219518372,22.96702258382834,0.2584710887879092,0.17407690884134328,1.5916398199180903,UFRJ,3.0249112605451884,19.891295525516185,8.908686478858312,5.220748732221366,30.760099040207162,18.298961527225718,2.730931150055975,17.332505398402645,8.263302813326302,5.00777264892584,27.129994306661903,26.589992535072266,2.5917263291063,15.544474319441798,24.925782455193307,1.0083174172843659,6.610212740294792,4.30278215017877,3.1150285564987947,18.229467687923073,12.504694456382195,5.26328608443608,30.687846480195674,18.761964146200228,4.944581826516276,26.39483433892101,26.379452303802047,10.173804565893771,52.49388004123239,44.08833437538854
2022,38086.0,8395.0,3946.0,6.307129913960161,28.29117463685634,24.437977949807394,5.239520745220027,24.898275299708313,24.294225314631678,0.12464281052208918,0.06088191248040451,1.0807575452484162,UFRJ,2.992927946779756,17.39330822001713,11.37493441150647,5.301972313362079,26.17932220563276,21.658483355550523,2.660196194898049,14.662144645838497,10.645697870099168,6.192681102091062,25.78298988302571,28.017944344857966,3.9554530654497135,12.988547194919509,26.079127290163,1.2268287606211383,5.285220455619042,5.350595307704062,3.422903428060909,17.374021047826435,13.836808194305318,5.310926053234849,26.073376413246052,20.612205235486897,6.144550099784937,24.795010832718972,28.96576108803769,11.416059237126593,44.75488383492071,49.375099234854574
2023,39139.0,8349.0,4108.0,4.556855263207595,26.78538646914883,25.990831161670297,3.980002011479494,24.0732426735288,25.73735186861023,0.12301086110059116,0.24853752684713995,1.424277782681432,UFRJ,2.4359055202081428,16.609748524060276,12.87248035842391,4.151833576540937,24.785627771695687,23.420886486315037,2.158464514124882,14.27704001073292,11.791428660883186,4.452073624426814,25.557562789580263,29.172349512522906,2.03318775709356,12.471745823350922,28.379613572409582,1.0496300481530632,4.981051283855515,6.9602352751344005,2.570167766984474,15.971009274691756,14.098261115332187,4.422828573338764,25.0656562563311,20.770947064216486,4.156187708312505,23.9209252970843,31.5402546039879,8.490281456624261,42.4084900535924,51.19381281966822
