NU_ANO_CENSO,QT_MAT,QT_ING,QT_CONC,EVASAO_PUBLICA,RETENCAO_PUBLICA,SUCESSO_PUBLICA,EVASAO_PRIVADA,RETENCAO_PRIVADA,SUCESSO_PRIVADA,EVASAO_NAO INFORMADA,RETENCAO_NAO INFORMADA,SUCESSO_NAO INFORMADA,CENTRO,EVASAO_ETNICO,RETENCAO_ETNICO,SUCESSO_ETNICO,EVASAO_REDE PUBLICA,RETENCAO_REDE PUBLICA,SUCESSO_REDE PUBLICA,EVASAO_SOCIAL,RETENCAO_SOCIAL,SUCESSO_SOCIAL,EVASAO_AMPLA,RETENCAO_AMPLA,SUCESSO_AMPLA,EVASAO_BRANCA,RETENCAO_BRANCA,SUCESSO_BRANCA,EVASAO_PRETA,RETENCAO_PRETA,SUCESSO_PRETA,EVASAO_PARDA,RETENCAO_PARDA,SUCESSO_PARDA,EVASAO_MASCULINO,RETENCAO_MASCULINO,SUCESSO_MASCULINO,EVASAO_FEMININO,RETENCAO_FEMININO,SUCESSO_FEMININO,EVASAO,RETENCAO,SUCESSO
2009,2999.0,722.0,401.0,,,,,,,,,,CCMN,,,,,,,,,,,,,,,,,,,,,,,,,,,,,,
2010,3152.0,918.0,361.0,,,,,,,,,,CCMN,,,,,,,,,,21.70216272807781,,,19.243204383704906,,,17.338113275613274,,,15.164755614942635,,,20.872519595300076,,,24.621827739039702,,,21.70216272807781,,
2011,3122.0,1059.0,430.0,81.55028827674568,,,,,,25.669078240765415,,,CCMN,,,,81.55028827674568,,,81.55028827674568,,,25.669078240765415,,,18.453470416699943,,,18.254706740693287,,,21.05108951153695,,,27.569580732538462,,,26.13342882207127,,,26.88853649700075,,
2012,3045.0,1012.0,300.0,69.00698071262721,,,,,,20.961423308521034,,,CCMN,,,,53.25074782652971,,,,,,22.90861541046746,14.58128078817734,,16.19506127640975,14.58128078817734,,24.595013807095736,14.58128078817734,,20.253038471195076,14.58128078817734,,24.52047991671035,14.58128078817734,,26.53208177808735,14.58128078817734,,24.85353653172933,14.58128078817734,
2013,3387.0,1142.0,289.0,59.280787350409874,,,,,,2.1920029920025517,15.073352691697343,0.09286845425020802,CCMN,52.05196338943018,,,25.45645312287893,,,37.31916149985238,,,18.026585059285427,26.635833145656502,12.666821316308754,12.650365944924639,24.71487547120466,17.076266880782267,16.861942887577232,20.6967818128137,8.325952170062001,15.931772605242056,23.863418017536706,22.743824426729653,19.950574411638247,28.982042653777093,10.332364368389015,17.981338635131856,26.402849478263605,14.468252604637247,18.78857006326819,26.60459036320813,12.666821316308754
2014,3364.0,1148.0,274.0,33.70819948517324,15.190249702734839,,9.670086471070794,,,34.00722571546125,32.83628895076624,16.577320282750087,CCMN,54.11674064769534,,,36.65092187138696,15.190249702734839,,47.183365820826104,,,25.741765616410323,51.98240396963403,38.22774061829078,24.222239571298772,40.04436319112661,52.25044580263332,24.36367586040594,43.89179983710305,38.66605798086179,21.267070782598772,48.227054212851165,44.84640835403355,28.72910936796583,54.0479337082547,37.544202701904545,25.26560262992864,53.410780180841485,36.23006119321576,27.435256322124737,51.94747069061341,38.38703903028845
2015,3345.0,1081.0,245.0,32.18667917802666,19.997657093532798,11.243445559589057,29.721732609220602,,,15.175268729806296,53.81603504285668,41.16530697542868,CCMN,38.45132206226904,,,35.48764683296026,26.183358246138514,5.414525351745082,42.82400847013118,,0.6352765321375187,22.76102186429932,62.79634571754523,31.022867911708833,15.103412275959935,49.11225391080095,45.140935504255495,23.20764907170383,42.03500933966795,46.21383979600809,22.3001184945727,65.57370185578063,29.978435680948586,27.00608277873354,62.61208343463309,30.58503210934677,23.477268950367517,61.23299799449593,32.064539706818145,25.94781174430783,63.384080980293966,29.81130719495771
2016,3204.0,1066.0,311.0,35.734592985881754,61.14888611026274,18.560996990002064,31.201185503705357,14.11347561868285,0.30661497072321564,17.396350145000472,28.47500841711724,54.215649622952995,CCMN,47.04338215006302,14.513108614232209,,38.58552455184856,72.97868919123601,19.997617689565253,44.65280067705438,14.513108614232209,,26.325292464871843,49.46911520820444,43.37607048216444,20.928831434268712,47.05458049059286,48.27059699461551,27.066478596101977,61.464194682242436,24.85825010403662,29.10544708987486,45.576987770402255,48.228634661218926,30.758891508222128,55.01747268206321,38.664202073274126,29.528386445866197,55.00125514049958,37.561567718207186,30.194550427541163,55.067899606653185,38.49973985967999
2017,3597.0,1118.0,305.0,16.815335445896025,77.23020884398213,13.351242114083256,17.075252181198277,43.88626450545531,11.484514796953526,9.234156948939793,3.737912046436258,38.06048691369792,CCMN,21.89906745117416,38.46062194686048,5.908296596369991,18.60530119075245,75.40902829868949,19.562728297661227,19.64172707862751,47.99833194328607,3.7855620424427756,12.219979732332805,53.36478032526273,39.00427848041197,7.363838219032355,46.43369377860021,46.911190354914005,9.773145490409876,44.14834536735429,34.69776011600081,14.554026052372217,62.928136945105365,33.92527177415121,14.641660988964682,58.06115760307129,35.112496714351806,15.411694860838796,61.098267547830524,33.12539939761271,14.375269282376804,59.30333160018205,33.978341860086886
2018,3601.0,1093.0,321.0,24.9377345082732,65.03648368092396,25.944218649923556,23.773495223444485,73.45182141312358,20.569198662939407,14.912139558756898,4.054429325187448,6.026103860038878,CCMN,30.003379690343216,79.26092348516674,10.333359441940392,26.15355623779155,67.90440336776061,22.778382312977968,27.877220656610163,77.70492965587927,11.185607325930665,20.965460168037733,54.91997671543781,35.79649551657534,17.9209229386206,42.67229593699895,49.02337327327254,20.990034376649746,59.57685636933232,35.82333831431304,24.287416238363324,64.22112828824311,29.04914067173029,24.07574236566439,62.1729388844374,28.915751615104366,20.869060052464622,56.332835745377324,36.420570869023095,23.09325433462001,60.8721154547334,30.58119702335296
2019,3709.0,1096.0,285.0,21.954806801603688,71.5124538787344,20.784328031874384,20.21545970276403,61.56295635700974,29.032471783525867,4.237531086848327,1.7925396095348358,30.129414936640604,CCMN,24.86931439114523,78.5485729888919,13.684436889613487,21.89472668825202,73.23859617529804,18.54088978174227,22.815794976877783,81.48852607315862,12.98320876063617,18.831072923729323,50.12406811907372,40.47219037038842,12.653037520453532,43.86599683505004,49.59203851335832,15.26973814541979,62.12833326913942,30.852366829719212,22.55678935895116,61.663331060787655,30.671557905278156,20.625423572158336,62.883057939990806,28.343005509492656,19.949383787026438,52.431313238936916,38.64703015147879,20.010578150067627,60.11704327174269,30.704313564436795
2020,3708.0,1086.0,339.0,24.60754312904221,61.03315230544953,31.451150131724393,21.576530254351006,56.18869725578853,35.84968813397352,15.385962024311539,,12.486515641855448,CCMN,30.073117388211053,69.42426930138774,20.125458296127686,25.344403083465526,64.76415042112723,27.13900415831078,24.122098499668525,77.38389922573653,16.865793390094634,21.10110897358544,48.514491159995075,44.28096423617568,13.226786943344226,41.229431611237935,53.384311535652316,13.607560557782369,63.06111251666173,32.8809331175836,25.67076232851976,56.17343585452213,35.593288032082405,24.805490383034876,60.605974355160164,32.20649962383982,18.658948465970642,44.03592905137775,50.9232303167529,22.934435503166448,56.09457378777127,36.6422530441639
2021,3755.0,1071.0,204.0,21.123252681262972,79.62268943714744,17.190412568835093,18.714656216595934,72.91749858795718,22.87876293517789,8.46796190937336,12.03728362183755,2.0239680426098534,CCMN,23.49071216147129,85.04967230330743,11.512224389681895,21.953758821180706,81.23932231063023,15.590997818334548,23.596508275189496,82.28315087367952,14.304768348976072,17.94363996337898,70.94552912310179,25.55982367797115,14.206700846152499,65.78906220414005,31.759517417210827,17.621886094093025,74.77863550636133,16.709435038995622,21.35437499510678,75.64057147715589,20.76704378715485,20.76826687793456,74.84772038738613,21.965301691821967,20.481739534066573,75.68052167685916,20.571073725367693,19.755687828318056,75.74107318982541,20.856188528534297
2022,3846.0,1016.0,211.0,22.047114438127675,76.91311517999534,17.969354474292523,18.317664181629613,72.68564742502252,22.35392328695463,8.976859074362974,9.263461447548812,10.920436817472696,CCMN,22.81048797556312,80.66554797573777,14.497552788494161,20.912744687989274,79.7970811631837,15.697308033562742,19.145930246083495,83.18729139410729,13.147801117299208,19.14940547690678,68.55736709962895,26.031330213959578,15.714701126118712,63.25002894592301,31.36438589678818,19.729310615467536,73.6277319041221,22.891735871455058,21.176327600632938,69.84929134869257,24.30346887499694,19.5384722818123,73.96876340753884,20.89032735192535,20.714867172226132,73.27385204138182,21.654282960567677,19.91513004515193,73.90873424396734,21.258071632771095
2023,3954.0,1006.0,288.0,18.280640844175796,65.69687021812281,27.87194587463093,18.469568661132858,65.68471695631332,28.972236124790943,12.861839728304068,13.68234699038948,,CCMN,18.480392618593598,72.58651653042558,20.70940819423369,18.261522215447705,64.86628043602015,28.239111401367694,18.864870378244852,73.24129745016961,21.217389726792778,18.598472314774305,64.88986773600135,30.090832708193794,13.503287857544402,49.67673818624996,46.19308116698868,17.244084653367494,66.223411025986,27.485835788820108,18.705833362330726,61.749169827390034,31.613374557650396,17.557062167231106,64.84359882321276,28.95944642083138,20.406918048039596,65.63313826093162,29.42068950562395,18.43665978330347,64.97700842318396,29.13066448472609
2009,5212.0,1263.0,549.0,,,,,,,,,,CT,,,,,,,,,,,,,,,,,,,,,,,,,,,,,,
2010,5364.0,1162.0,557.0,,,,,,,,,,CT,,,,,,,,,,9.667936184712927,,,8.094161790294907,,,7.054436987322894,,,10.060695419458808,,,9.598297908991732,,,10.772310435783822,,,9.667936184712927,,
2011,5479.0,1163.0,567.0,55.24730790290199,,,,,,9.971775298460166,,,CT,,,,55.24730790290199,,,55.24730790290199,,,9.971775298460166,,,3.4245578936214165,,,13.636134504906178,,,5.942319819047264,,,10.494739129899216,,,10.936287553084751,,,10.289010375862306,,
2012,5595.0,1066.0,678.0,32.29331520255665,,,,,,6.8271139974229875,,,CT,,,,28.643457901855626,,,,,,6.801722795259811,,,3.977206802699968,,,11.091611099653996,,,4.578895177094674,,,7.726151805291806,,,6.149004141100804,,,7.73715048659321,,
2013,6207.0,1368.0,520.0,52.092190553749035,,,92.60512324794587,,,,,,CT,58.69179958111809,,,12.357337717201817,,,52.81134203318834,,,3.601413948745551,,,2.174467950169503,,,7.447697300283091,,,4.294523429834994,,,5.129217620087082,,,3.47943213012141,,,4.191050339911037,,
2014,6437.0,1311.0,807.0,16.268254643618732,,,0.3868261612552431,,,18.263679169614235,,,CT,29.314209889466103,,,18.14637330431802,,,27.34538422160557,,,8.432081717155377,29.108386641859425,65.26115494950918,5.077168343156516,17.97354220653601,77.64882378075636,14.354292194844295,7.312412614572006,61.83392884884263,5.652010784002886,22.275772594960426,74.46410364138156,10.442665147945483,29.73642964657415,65.09656954567663,8.323381030408646,29.557477577259256,63.4340669203429,9.697889324927345,29.108386641859425,65.26115494950918
2015,6301.0,1254.0,876.0,15.20280783415584,,,15.802615773852132,,,3.1685111976792855,38.07166416020812,57.81504538183066,CT,19.945934052563153,,,17.017492348851476,,,20.279895110011484,,,8.121743618589965,35.6577046771659,59.953619613978624,2.3297235003954877,19.829026485795726,77.89072034318909,11.375120409400681,36.51507403292834,56.20536422790033,8.38259529375995,16.086757303611872,72.92655395178805,11.288025884033974,36.774362621190484,58.80226655711651,8.410451845892805,27.788070468334126,66.98723057763668,10.025986876339845,34.72751393278569,60.6186779518316
2016,6035.0,1205.0,884.0,16.26978585337918,51.4516589006773,38.00859019727036,13.666757104744326,,,9.05551295488227,29.644147771852495,66.70663185617363,CT,25.479948055252642,,,18.20511012648316,59.34224002206424,32.42030098487179,21.802776299695875,,3.8824031533227883,10.990025873858244,23.376115111580173,73.03472923326093,6.465117889166309,18.496318065698155,78.7210383712459,16.592958546562524,12.56006628003314,55.36039768019884,12.254520535063302,23.540218414320396,72.45891032469325,13.987487808885778,33.04055989684333,63.52694670535946,10.91713928883053,23.6720214392496,73.79298312341261,12.992283746165509,30.400894179421687,66.01863914556893
2017,6194.0,1257.0,748.0,6.118144350784671,67.35529858070085,16.022371640634727,8.29209807582371,,,1.3293575079174047,,80.73942525024216,CT,8.556164004470865,,,7.182660068794932,61.957530731699535,34.93802147337827,9.306083767926825,,,4.3875745633190135,14.881158786467786,82.76532190928604,2.4557012405878798,17.33526653184886,81.41491205869214,9.161557226938836,26.31148423205252,67.81831880314282,4.530628176097463,38.89545206547938,59.469720624870774,5.397500438053131,27.789779525332502,69.83503352988645,5.7707664044733065,26.99331288271912,71.57194482767618,5.279724164028433,25.658283494946815,72.13364783114
2018,6156.0,1379.0,770.0,13.662038981971007,49.362119926770845,46.026133859841366,11.441319375520589,62.606984182243025,37.30085853032392,10.88153246630908,,,CT,19.04410441423379,65.67008838573166,25.623315977171753,15.20943753277761,54.71374740065546,41.46582764452951,18.064030500889707,65.78191380762044,26.376396237507347,10.081038813283914,32.96533569664663,62.4859699645109,6.730091262900267,13.321198492387797,83.95420238874824,18.48680878241646,30.949931412894376,53.33468702620749,14.132813378114227,38.63876455597342,59.89487518996156,12.226979198912565,38.761562077424806,56.54794665076298,12.63196110564893,40.40777488633314,57.054093933190366,11.846670296173022,38.710836190294565,56.965871528510675
2019,6068.0,1365.0,721.0,13.190597176970975,51.45780823812724,42.53139143987772,12.615467500474683,33.7927220150935,58.703371733027616,7.512365573341184,,27.42254449571523,CT,16.311020956260403,69.91321981070888,24.939719416179177,13.408436192408864,57.14214307740482,37.18371478794487,14.501353537427166,69.63254183398148,26.106197076070373,11.669444374626975,23.32446120738522,72.33167102065123,6.374199870277784,14.008227109313726,84.93227911451751,11.81212702554166,52.24088140808295,43.81509558338826,14.0713084850807,55.931941446019295,40.73478374361469,13.462314904455091,38.6797780287953,56.96982421630324,10.783008527288485,36.75869676891148,58.68525439421014,12.372094182764249,38.093545197924634,57.760164594846245
2020,6016.0,1308.0,680.0,14.55882570237803,52.40621186493773,40.906287707117485,10.916068507552524,31.971486277625843,60.254194179448774,3.4073423252279635,,2.8922872340425534,CT,18.48943995625376,60.858652507227504,31.47346023788675,15.508495359287668,56.624486589110006,36.9544628489878,17.74366556109571,65.82720764892619,28.14235202158268,8.55305940631562,19.482516130197084,73.01575406247761,2.406273677290617,20.04184082418266,75.9618460794836,13.578222022245436,23.11461103723404,61.06770833333333,14.97956511345153,42.86941099806577,51.61786610221267,12.686430310232863,36.675084319490395,55.88208934300976,10.04031519726442,30.793388426793747,63.83884047162977,11.732919435890366,36.398097759647,56.48936802016741
2021,6056.0,1262.0,442.0,11.557301203954841,63.895471223778344,34.71833435599527,8.322019754193143,57.60168106712313,40.17187177739326,19.176594169552054,4.920739762219287,16.19881109643329,CT,13.137078399098128,73.55379360384333,24.63805184911355,11.776156820083951,66.71912717854808,31.775025350993573,13.157364065300344,74.53276058573418,23.554286506191907,8.824573903741124,53.33164468635778,45.231564286975356,5.144356047766605,37.92311137031582,61.15845316738838,11.2397098990155,80.84884655195091,13.187422441055203,10.540527393873877,62.699930603090195,36.37977823714866,10.787773026986674,62.73265307603781,35.96081252689222,9.197547272326325,54.96312295050824,43.38396492120926,10.077688142560056,59.80237778804551,38.77728673723272
2022,6192.0,1319.0,510.0,14.745232682777297,58.389667253686255,37.1122576731621,11.383302550151331,47.995471673078484,47.67324921368461,15.93978883949814,,13.404392764857882,CT,15.47927118381136,65.56071527791279,28.639069712228626,14.202731948462295,59.47555053358926,35.641459087828004,13.561517700555136,62.29550022676249,32.13351670343854,11.869277759942216,45.00790311673724,50.55407468963597,9.593276381897528,29.889682606618457,67.48533101964976,17.951488963983564,58.09871966158304,36.57802415069857,13.090351086983071,58.02303646689245,36.77314423721077,13.918234351510742,51.90116030015791,43.426986420549824,12.15959615229253,50.93358535342093,44.30587578777846,12.93985559676165,52.12848009322701,43.45157502660886
2023,6481.0,1281.0,508.0,10.231078712956549,63.386635192164526,32.43580020406792,6.966390678730668,53.779300816730085,41.32234533137372,5.430832004663203,,,CT,12.079098921653456,73.03374606114211,23.05262216483927,10.554931791939687,65.9306723204024,30.184826305580053,13.182510840615734,74.23031786137551,22.908808608575594,6.8690818058809,48.76876930978731,45.995023941684096,3.228675615572946,32.92711945154422,64.14168662045914,8.532327627061195,66.47116419654436,30.340327008279484,11.365177759925594,63.40618725337508,32.15367732750773,8.872414068303092,56.29298857040077,38.87755261633214,7.463389376892083,59.46898480111885,36.68038428653327,8.43382767430737,56.66795897148,38.78438144508122
2009,5193.0,1205.0,660.0,,,,,,,,,,CCJE,,,,,,,,,,,,,,,,,,,,,,,,,,,,,,
2010,5662.0,1601.0,693.0,,,,,,,,,,CCJE,,,,,,,,,,9.10309583978572,,,5.039553139769015,,,4.249381843871424,,,6.461050248069867,,,9.36607432368419,,,8.772606553653608,,,9.10309583978572,,
2011,5914.0,1530.0,703.0,94.20020290835306,,,,,,11.712818941139695,,,CCJE,,,,94.20020290835306,,,94.20020290835306,,,11.712818941139695,,,4.859188413358288,,,6.133381892597314,,,6.488614833080793,,,13.870322339916568,,,9.999745839536603,,,12.085389489461432,,
2012,6232.0,1543.0,771.0,59.96871913281297,,,,,,7.06773193695687,,,CCJE,,,,27.68551939553105,,,,,,9.101761298412907,,,3.7692288245532204,,,6.983391372167181,,,6.074438997776701,,,11.415146314327144,,,8.797887247808015,,,10.11933902147416,,
2013,6739.0,1708.0,733.0,55.748713363044295,,,97.58124350793886,,,,,,CCJE,94.9992580501558,,,14.941269889869913,,,94.9992580501558,,,6.844181399674926,10.570931709108159,10.56352529483034,1.9631551538043244,8.106703766284335,13.608273311493374,2.3306094912753994,11.055052678438937,8.057575307909186,2.085452510589771,9.032709388845314,12.8548110147754,9.045777653151351,11.311084518614381,10.242471336536216,6.65140135322784,10.647643186906198,10.157725876151547,7.8630401265856085,10.570931709108159,10.56352529483034
2014,7079.0,1657.0,956.0,17.679698745698936,,,,,,20.144079032549243,23.225703546905986,11.48391198327526,CCJE,42.88912444514804,,,18.771624399102954,,,26.745311131241348,,,7.871095874184418,30.46887236686531,60.88698095846877,3.4474347127439455,17.166302857786782,79.06248671780212,7.846729753072457,30.864764326411454,63.926166596035216,2.7946350070277908,14.07202293263682,76.31794108548928,11.779375565190316,34.33835788524139,56.040561522484545,7.920664702932118,24.88657442860224,67.0257929611344,9.69989759682158,29.8017600783165,61.3239307927374
2015,7068.0,1618.0,981.0,12.490892464094665,8.005768637135361,12.739680028517041,14.661862231879672,,,4.898804205268266,37.41496709002272,55.711426958775164,CCJE,17.61309710423077,,,13.23374815824027,22.47827005573186,9.91347809896197,21.457841278777188,,0.7033713315546931,9.795998133425785,29.492199665770418,61.670908153443364,1.6597561660660667,9.515366021987873,87.02472711557787,5.583213960162286,10.961442584957016,86.55458089668616,5.676156362249402,10.813201132678104,86.89155897947512,13.140268326438337,30.36835935841957,60.77199160780681,8.645319430396915,23.762109670059946,67.64292702920844,10.701503917591372,27.155939522055935,63.68977126072756
2016,6877.0,1524.0,998.0,14.313554121974953,28.148526139066444,53.710141038820105,10.141325825977514,,,12.059912106555869,28.498808876825514,61.43595046072564,CCJE,20.07860683080833,,,16.160370617439458,32.307888333876846,49.62348973440554,20.87103600096836,,1.9802320847282384,9.930168765926664,24.072242024446766,70.92181453986845,3.8730015428790576,13.381653861142983,86.24046364011177,8.705564595241183,31.86388268800658,66.49224121813914,11.050267132856673,17.816105306603763,81.71733499810308,14.521963260190335,37.03476452367555,57.31434355461468,9.714315275913458,19.922272758866132,75.15864526552852,12.010986708944246,28.4598853032054,65.86823317217844
2017,7344.0,1613.0,1031.0,3.584098602974035,48.911040356708625,29.63062052673797,5.630929160949547,21.843437179689293,16.623338419439253,,,61.53322440087146,CCJE,4.325300709901062,24.684201963613727,7.422868979241528,3.4916389969735837,43.26422788764247,49.06347812850308,3.337205510994178,24.957648182729884,7.6340385464280125,2.900590909269353,25.448966825399623,69.40540146080743,0.8503752248558002,10.661123461724033,88.08573695674947,1.8369845762215753,25.78780493369155,72.25577731092437,1.3628825239554434,18.303754326431815,80.73535797486731,3.114397553147162,30.00442503961879,63.495665508220014,3.067744561560205,31.87457726100643,63.79314920291279,3.0529286763258026,30.941177431531283,63.67819088522114
2018,7397.0,1657.0,1061.0,9.35325347982541,33.3769309854489,55.234664126836726,9.365698464108766,39.71911168087359,54.60865182020064,8.683935467532498,,13.748817088008652,CCJE,9.719922272707581,31.08467317693916,43.02501682644865,9.516558072244353,29.544267537077243,57.762013213863675,9.63092984590129,40.96196288409747,43.83060700283899,8.677912894126532,27.097537370639827,67.23245805222365,5.490892384895333,7.569088003056868,90.38974374850476,5.317981162176746,21.620320998131152,73.5939697385216,9.660704335276343,14.18037988600398,82.95099030027902,10.634784405637173,33.51155073526837,57.81971663925388,7.2753814119679445,23.421721442552904,70.26949909833945,9.008775796317934,29.98870981462087,62.62481236543972
2019,7355.0,1583.0,908.0,8.96566562477346,45.98618779851578,47.91202247324387,8.91186875795698,33.752630989070894,58.97262739404093,15.81304900124483,,19.714479945615228,CCJE,8.918306273283214,52.09245255376898,40.91668314501422,8.700741066272268,47.40238072988539,46.07147034314289,8.174291094407925,54.59847114472048,37.64539366215565,9.15576856432763,26.369772017524596,67.55084723507193,4.5178574323129395,18.038866715209316,80.44416118387056,5.604148617795186,24.699320834602954,72.55471584839363,8.737738644161219,40.42045094182632,56.288513641850194,10.73287159527466,44.2837117749318,49.05856232839095,6.903014810691546,28.795678455606954,65.66450355601121,8.827583750924834,36.38873134545112,57.37527715135527
2020,7356.0,1568.0,924.0,10.54247651811189,42.28369575077861,51.882196002296574,9.858300944278716,32.036211315512425,62.34035801720012,16.360996535468345,,,CCJE,11.701033547240673,43.59211475710595,47.62776932700499,10.950830251629107,45.80866354994636,48.06768281619657,10.738643116010923,52.26528463093648,40.74458931799878,9.448833133431958,26.0184730664815,69.04689162340001,2.759204157265819,23.110803837990307,75.44701458875268,2.0057898145258966,28.791603614875385,66.61895646591276,11.646165004026317,25.21171147773677,71.77664464809224,12.064827485075435,37.605710256004976,55.7280445690081,8.387119096593526,31.937935784350493,63.77712650190828,10.192992605263223,35.428491487383816,59.17579416880183
2021,7527.0,1568.0,856.0,7.683625928772663,45.85676440786985,51.98762208179028,6.838401116779273,32.30267832629876,63.62845571842783,11.05796908905717,,,CCJE,8.143158031275865,53.586379519293914,44.53867941849582,7.758835947166182,46.62654376234782,51.31081372525426,6.788033999696896,52.57749842848315,45.58812765890814,6.814345268264524,32.075796068730064,65.05297252615759,4.265906825526622,26.06759749930892,72.19054171106781,3.444061997874852,46.44292265920821,51.85795450471581,9.404512667228962,44.38569292029076,53.16270030863075,8.84530705717911,47.21560493578643,50.44261569841123,5.42932530064949,29.592431248780347,67.85668525358918,7.264665187044949,39.16283098286154,58.406742022253184
2022,7687.0,1584.0,1007.0,8.583481786116147,35.31820733851555,59.12748998089159,8.460195639389175,28.753089287610727,65.0323163894123,4.712626712431578,,21.881097957590736,CCJE,7.673406348243282,41.711922521094905,53.47428089109049,8.05144795046907,35.31336763022934,59.28102827412928,8.943162493469138,38.431397209234085,56.264565439646105,8.84080848519675,27.962820427522868,65.76133633247159,6.574088937421292,18.11947421035019,78.57517122556479,5.613357960162433,28.54024826311079,69.10215350178925,9.256722736200361,37.356297136993895,57.253011401836226,8.145952373239364,36.3022030410078,57.30894537983454,8.978183977168678,26.366051934515486,68.78816244420949,8.429969320234878,31.488822101538755,62.72742200002411
2023,7837.0,1579.0,892.0,6.477172507455628,42.27780353832105,53.01469207699711,5.978087954682669,36.94362879074836,58.05775516593456,13.873797035654084,,13.882863340563992,CCJE,6.393803479314513,46.7457083488047,48.28342402615795,6.518644015523929,42.88739621200823,52.26889653869307,5.7132069939921815,42.49386393950712,53.5836921641182,6.066333542517274,35.3190553470137,59.53218709478941,1.45711661617344,23.41181432854735,74.52434470473897,4.051549305776802,35.19526720093378,62.37588636322208,6.705909643039132,44.17942247507654,51.040339789407376,7.281636237377573,37.35923258528986,56.38379266899471,5.102832621095007,39.928737161115414,55.97653583824242,6.267274766695572,38.88020119434824,56.02715893314944
2009,2037.0,519.0,253.0,,,,,,,,,,CFCH,,,,,,,,,,,,,,,,,,,,,,,,,,,,,,
2010,1678.0,484.0,178.0,,,,,,,,,,CFCH,,,,,,,,,,27.357448649356098,,,21.323593253888767,,,40.19302806847503,,,24.92520117856958,,,31.049666522963,,,27.719264969252887,,,27.357448649356098,,
2011,1811.0,512.0,244.0,96.02429596907785,,,,,,12.434320997460684,,,CFCH,,,,96.02429596907785,,,96.02429596907785,,,12.434320997460684,,,6.201013137421532,,,1.822197680839315,,,3.6855738093200197,,,16.75522056769078,,,12.607419753214801,,,13.3669259612846,,
2012,1799.0,449.0,232.0,66.28991414983632,,,,,,9.83096586425706,,,CFCH,,,,46.1440749767598,,,,,,11.932607555005598,,,5.899217132909054,,,13.252944376425651,,,10.957854370987715,,,22.70241369769564,,,11.60870140221816,,,13.489704340378267,,
2013,2479.0,621.0,344.0,42.34384691624702,,,,,,,,,CFCH,96.97458652682533,,,13.03143589248277,,,96.97458652682533,,,3.2173404295842944,1.2858007260992335,36.425978217022994,1.1602044328321202,1.1345300524405,36.72851956434046,4.819716386880566,,35.215812827753126,2.8344994505570935,,38.24122630092779,6.4998400356094646,1.7648245260185558,36.22428398547802,3.16733652380997,0.5672650262202499,36.72851956434046,3.6361688180718033,1.2858007260992335,36.425978217022994
2014,2489.0,597.0,447.0,18.095929941797543,,,4.058767668651155,,,21.47255046927316,13.128362519412072,23.045298685284436,CFCH,43.921827469436955,,,20.692491910546067,,,30.017254491189803,,,9.102798095829456,3.989330322679898,77.1561460816609,8.591258699114006,,90.23565758302045,2.9705950650179362,3.964108745145306,84.45261715651431,6.334144746689354,6.020028498062281,88.93990701945704,13.575693493792988,4.906202676391506,69.84120936719266,10.514602578206038,4.6104881336325105,77.63048862669625,10.846800284246136,3.989330322679898,77.32714000079883
2015,2417.0,600.0,429.0,19.29000128703717,14.118133807101657,13.76280756406824,15.18217281964566,,,3.943400071564406,29.00655773975921,67.96721381598113,CFCH,29.07782588719093,,,19.47125915955393,21.026004526758985,10.586775049283265,28.391255320282134,,,7.6199218416993,15.134440581265697,82.92699439575733,0.714158435202997,10.355388108150374,88.4090258107635,2.1998284212319597,16.05098804105838,83.94901195894163,5.004621307874899,16.75591228796028,82.92263136119156,15.685766221352347,17.930102947260824,80.44062887877534,9.803508953733324,15.549546828301393,82.57810308969187,10.681306992357062,15.45429470543248,82.59650706485625
2016,2297.0,523.0,381.0,14.639180686680486,16.191089200246317,40.54448322424976,12.868320815093798,,,7.779662046552126,27.03784283766702,65.70288469472828,CFCH,16.98024417994873,,,15.257403228551357,24.07329942205941,46.975853440807725,20.77926016460628,,1.9614956706815654,9.998081268365896,18.850061594336704,75.17525802949244,7.747840588597708,9.024796944973744,89.5368035419456,7.354162378707137,11.960518582907746,83.98532247030288,6.130027108797373,12.783903065866454,82.74429979678793,20.85689021152409,33.52310677229744,58.21682957757185,9.891511799498524,18.4225684605199,75.18344674965917,10.920445555446328,20.742775561972127,72.58415537057533
2017,2371.0,567.0,302.0,6.6593200773395305,57.806532438408176,31.092098380636997,8.183241424933097,15.37125183266052,22.418710208672252,8.467511846577517,,62.21003795866723,CFCH,10.137339276227163,13.828275877377964,16.243146351750315,8.065094181889117,51.36766672997222,40.81108595331997,6.4440025975243165,19.040680955484834,14.930409110080134,4.283020444814162,28.03798873005023,70.2632408486859,2.3863804757942253,18.38303785197985,80.79225332668543,0.46393926613243347,10.641404146254422,89.35859585374558,5.751497750631671,18.83289903457156,79.30468304882831,7.162196043979965,32.40699559815282,64.48492882065214,5.832723437230105,31.268700398193516,66.27887021670192,5.512679027747749,30.382298602499077,67.26889487196209
2018,2408.0,588.0,289.0,11.324598705006093,48.722073466523256,41.7592884244482,14.381523535845396,58.685755890325936,39.50267340275453,12.039728682170542,,35.174418604651166,CFCH,11.034295178019528,53.67180050314699,27.114734782802014,10.179168770348578,40.32494646694881,47.89205503949826,10.203612166103223,53.89892905567607,32.60176266089181,12.926298979948976,49.477861218850606,46.19422928786454,8.80531990648492,23.64040521623313,70.49925635478637,3.8894512698164956,49.061930595898495,49.529213519039104,10.851253875820863,25.420823561982935,68.74953857511997,16.680704587193826,56.8221277799482,37.3564747694643,11.323558432783024,45.8340689256404,48.60608094786106,11.860830527342825,47.835493337262655,46.21512393114213
2019,2456.0,571.0,296.0,11.481505589985561,45.476346450625734,47.281457449919515,11.753958727824514,51.48928849771085,41.18069183034949,4.505096143742776,,35.78990228013029,CFCH,11.94314661653178,60.743369753863206,32.291597995680554,12.115422367452712,52.69575930749349,41.29222888994876,10.460872600587196,52.34848642720669,37.034469896231414,9.944299430132276,40.34163556280496,55.589629405270145,6.338643458197611,29.567654879834965,70.32498042648112,7.7691558926906135,27.16948683946536,71.60047538430769,10.17774680676508,39.95975519386705,58.82789467791894,17.119165536970275,62.84859790122381,32.64531618555544,9.482877191766582,43.69964372665601,52.18987739133064,10.67799981102852,47.44782518776648,48.55505070505306
2020,2453.0,573.0,300.0,12.751222889900946,48.211379236626755,44.95285083430442,13.615142264921438,33.811764701330716,58.00820058590276,21.940481043620057,36.56746840603343,2.7313493681206684,CFCH,12.82121094891513,51.78455920879365,40.44884606853885,13.333352253932437,51.42896346642959,42.10607716375738,12.826441938380617,58.24072250619336,35.250399824390854,12.332022461747338,25.3510033593111,66.83031675367278,4.854704357496935,17.799322703594196,76.89370942958388,2.2075180051637453,27.963126126007648,67.95760293518141,15.489136384817291,27.311083755437604,68.01320684728756,23.944352046641324,47.508039759585465,44.26432619521514,10.973245572892067,35.33585321892032,57.71294072589055,12.83090243321433,37.80320951720178,55.04040661680289
2021,2499.0,530.0,242.0,8.236461008741157,54.68378240794456,40.72399392170897,9.12127627741826,51.283571426021595,44.1442197989477,3.711484593837535,,,CFCH,7.9562204562552,56.75277866411255,37.571384148528935,8.813519739181046,56.87934970812123,37.98719819511115,10.49367490794808,61.01511119025575,33.21642496157315,7.847804131307416,46.15491693118967,50.290782979858605,7.420658553284089,43.82322297711288,54.3788719769799,7.108692609758708,51.27260473567417,48.72739526432583,6.189329071090355,43.51726650888418,50.77123391802454,9.292677552829565,65.18509115143884,30.97874840171759,8.426288600488766,48.22431504141122,47.52880882082563,8.327393820903657,51.34947583250159,44.345196616860115
2022,2582.0,548.0,312.0,10.024673033794617,43.92205035710367,51.30113289559322,10.6057209152276,39.591448939679786,53.47955476408871,,,,CFCH,8.169933935755294,49.93281520146488,45.78994242459635,8.927829013311232,47.47810557356967,48.829629870181456,7.368844541926988,44.5257735109718,51.933360685528115,10.665430097852381,34.70849300428582,58.185543846437945,6.768317071423095,17.814532029589614,76.90515714470965,5.317296940635371,38.36642738258087,58.29778302726473,11.419628425652995,43.28590172533674,52.834301377636976,13.139743680022534,34.624456324616084,55.732244291984806,9.23953969261598,42.807871347865756,52.7508749152368,9.80320918232404,40.933404347561854,53.78593853823706
2023,2689.0,558.0,313.0,3.5103107759217753,32.692535413272616,59.261883197687574,9.442352425980141,45.180077636365766,47.28473386416303,6.462838017319236,40.5355150613611,,CFCH,5.256015432769442,39.308687125952765,53.32512824145402,4.409105029829771,34.15663096581573,57.21018355332065,5.066946994605311,33.694362744531404,57.81434781195711,7.864134107874674,41.37187694707736,51.77544823559319,3.0674133043807483,24.328444869008393,70.99305075478759,2.2854858454107383,24.017030207382835,72.22206671026439,8.01745194782108,35.723325088617734,55.68273846074014,6.570237966026684,53.38685076364606,38.00637195951439,6.050345776934549,34.21255436200621,58.50951394092461,6.088032409958902,38.055393256788015,54.3017125251506
2009,6329.0,1600.0,1034.0,,,,,,,,,,CCS,,,,,,,,,,,,,,,,,,,,,,,,,,,,,,
2010,7215.0,1908.0,1031.0,,,,,,,,,,CCS,,,,,,,,,,6.989354531499488,,,3.3338882326493318,,,3.564589243322275,,,5.224345926776937,,,7.642183428882366,,,6.12374129460279,,,6.989354531499488,,
2011,7387.0,1934.0,1071.0,92.96060647082713,,,,,,11.760175635515887,,,CCS,,,,92.96060647082713,,,92.96060647082713,,,11.760175635515887,,,6.729522549687596,,,7.22932785593541,,,5.010415023674846,,,15.531235394237264,,,11.7075963837779,,,12.40463633868772,,
2012,7461.0,1854.0,1028.0,48.905604006250584,,,,,,8.842113743845113,,,CCS,,,,28.230573130752145,,,99.07519099316445,,,10.38147948374239,,,5.705952028090477,,,12.806656056417545,,,7.775498968816267,,,13.998290529025551,,,10.59102431663632,,,11.311144738148206,,
2013,8293.0,2209.0,1029.0,48.148935968717446,,,94.65814542385144,,,2.2302616970577342,,,CCS,87.56782828891836,,,14.315310966475344,,,86.95285180272519,,,9.353232904639977,13.59138571897292,25.076198558517405,5.762585557423049,4.184868156763418,36.671023495775685,5.138328879654232,9.828168334740143,25.84925324283819,5.737767861460593,6.953687218687467,33.52125238535464,11.69043094658758,11.556695363590913,27.04262234042975,9.339400725895938,14.463743106691606,24.803647943643284,9.97884639329918,13.59138571897292,25.076198558517405
2014,8469.0,2212.0,1177.0,21.90654504516251,,,1.2976738694060692,,,26.007682835127387,18.23882940625436,30.83561677238304,CCS,37.649643186073156,,,23.54818015909777,,,30.589501638135758,,,12.075012148737608,24.981082792892476,53.13100885554255,8.978417810445329,12.225161348675234,70.04588261226802,10.65061110433734,20.70316303215235,60.15861770378242,8.845385840464996,13.343389403117895,68.29222134314666,17.131881322842535,24.039167347055766,52.93992793207658,12.481734524737986,23.55640125506875,54.97725117297103,13.989223403137656,23.02019817092174,54.922202858717846
2015,8486.0,2128.0,1150.0,15.956052094955671,2.7589621506714517,27.419457096130895,15.409875247828824,,,5.8271952139374115,38.97525048713298,41.99952665122122,CCS,22.119588078866652,,,17.359394341657524,17.428732240982256,21.884624643520375,21.578101896969727,,1.6667157671458874,10.979285594442876,29.878093329537357,63.90573184646591,1.8954774330488307,16.63357086469225,80.04646203888527,6.960391278782302,30.41520360645979,34.59617895394469,5.919616156350649,16.213917345120908,75.72473837734266,17.717525480837093,45.12449179838667,42.7674101115403,10.755833993619243,23.846399856997323,69.6244442205048,12.708109437572828,30.08467010401371,63.279998431784406
2016,8447.0,2054.0,1228.0,14.646307321197744,24.590601775872276,27.926712092238176,13.16036746391771,,,8.16523464584142,17.381639426772068,79.106556636715,CCS,17.775015769375162,,,14.96356354082778,34.98205239215723,33.436639233702586,17.54565372828071,,0.26673671125843496,11.557978110913302,23.55341346814915,70.35637485264851,6.238978802972561,14.40129583179076,82.61699355282666,7.085264267225597,31.444938257783804,59.757947746582765,6.66367420080355,16.065010136355017,73.87850685691643,17.76716606650258,33.44330843477027,60.95183775658166,10.422190520767755,26.25973851686496,67.66390090551691,12.627388270915704,26.507788830827792,66.6583099768914
2017,9152.0,2200.0,1262.0,5.983434505888721,38.12941491644882,49.11107818216643,5.122859456125074,28.060545957149028,26.14572671040082,1.6675716669972185,6.058926635558069,37.60917467948718,CCS,7.430978394292472,14.157604488783898,22.361438771595953,6.5424887190057595,28.873852735546738,58.64893058060986,8.104000629754447,19.817604812722,20.685096153846153,3.02562546250499,22.484402815144975,69.03293947223091,0.827567984995467,10.381937146434105,85.4683053683501,1.9004974808315174,12.824946630750201,68.57683982683983,3.144978282271276,7.699299785195871,90.42806530365658,5.4612669923566886,28.082478528067433,61.80543241329817,4.213528236341665,20.961175524665887,70.49734258387252,4.289814262383521,23.245404323129662,67.32371561432382
2018,9213.0,2242.0,1235.0,11.300028867261993,47.0833494566422,39.025638152373226,12.185306055522583,37.62611757814307,42.424812539565714,10.470201434056856,8.118962335829806,24.953869532182786,CCS,13.174537992878516,48.924211640455816,25.41504374731427,11.774658029791388,44.38237805943786,45.08225063943517,10.743755299883073,48.687308630005504,28.045923766899122,11.29352866972088,27.46300076156924,65.00206161713675,6.8309943945801574,16.313331162672277,80.72505152661094,8.729861997055412,21.395652693566152,73.70923049426536,11.657552236315707,32.27611455746375,64.51115673342512,13.505555613522004,43.48937510010164,47.599006330139225,11.494684404446968,28.029685874552577,64.68817438754266,11.529484018560265,34.72765023688568,57.68657967617706
2019,9309.0,2154.0,1292.0,10.595609826185525,34.5907247387408,57.20287154198224,10.213958675241678,31.905170214835195,59.49440308365673,11.703906713472275,8.501020517778494,31.870233107745193,CCS,11.521763104447288,42.33839333737628,49.105261430472204,10.505386408033942,37.21934373564804,54.81816354564004,10.614220745337118,41.32091774162856,50.660145944622975,10.199058081418348,25.49146831930778,66.82217445015395,3.302651019607996,12.575892807853469,84.8746527232287,6.405245403872168,24.643364742480525,70.65244578996128,10.568993144341487,24.833355689431013,72.25775240861557,13.036017041894501,36.48524488591391,54.08550866309935,9.187095735313989,26.954724698530523,66.55414231567939,10.269093463489256,30.11433114239097,62.52133733588045
2020,9337.0,2064.0,1224.0,10.067379313150923,38.29026566749994,55.951728824469974,8.598513696003465,32.86731502386371,60.759991986989974,10.657493799704737,8.83581450144586,22.12702152725715,CCS,11.21650103445057,43.24430386647587,51.00382091741187,10.595216456920756,40.79201909776929,53.53875924624116,10.425283387851927,41.48759857732454,52.439827866086695,8.504568813218121,28.60586297915877,66.11182780367038,2.2262392672913305,22.731751352269015,74.4212051400379,1.7661657483344628,37.72726913591404,60.52901901568497,10.856491317298826,29.238241598870914,67.62133346384874,13.508736524502266,42.93661043655696,51.334513740153696,7.756514034220672,30.41197308536885,64.51290160900717,9.396313715007686,34.50417951861801,60.361486834901804
2021,9536.0,2090.0,964.0,8.772280787201318,53.761611982856145,42.66228129792948,7.322019430985252,49.55789743830409,47.20972196518358,12.206375838926174,16.03921979865772,21.69672818791946,CCS,8.728392197456547,58.82158247403686,36.91788455138352,8.964652080239803,54.550728626791624,41.79630527960433,8.282344664881782,58.237815177232555,38.26539622082827,7.4739209964263695,48.74745714412345,48.36066040651426,3.286326853523022,36.31859671178987,61.99051528665937,6.705008483474773,47.69203946034784,50.07966561110673,8.274107347766337,50.9717689127675,46.14279620062568,9.79020630644843,55.15707829455883,40.65709576441545,7.497842569582706,48.36757461030119,48.62024259007811,8.185329587596208,51.61770117693545,45.28125871766298
2022,10076.0,2183.0,1198.0,7.478917019918143,35.80673007208444,58.05196745033263,9.751251891216972,42.429051750538086,51.88586121398431,5.7518415597018215,5.150853513298928,36.69114728066693,CCS,7.011493083707895,39.492115528196905,54.50545468512125,7.164364279768074,37.09656588444631,56.71391200812538,6.308418622934601,35.41070771075596,58.85241886353807,9.25330568763212,39.53432995842796,54.71558416667898,5.7895138540427435,23.22848037004252,73.22983439498329,5.470459654329458,29.57123266369554,67.348469410142,8.637835823169844,39.83582443537504,54.587079445215494,8.072843726386932,45.451918120198876,48.67140199516101,8.72902760531472,34.1683277575181,59.7985589262713,8.087045387612891,38.5257993494418,55.53892053938328
2023,10329.0,2151.0,1313.0,7.1758836810713875,34.030361222411884,59.79564722685434,8.343765909818952,33.24576391277712,61.37663149641835,8.86794069701418,18.926395656960086,22.998354148513894,CCS,7.608977957631429,35.87100881517813,56.93382113276449,7.397751428892782,33.30468113854678,59.94930208011005,6.581467878390827,36.522899945374654,57.8843414726013,7.84674317136468,32.76125576336504,62.042100877781664,3.2227395529973633,21.68032875150925,76.24240116404073,5.124345646218454,25.31137364413214,72.1917306131654,7.448595662046642,36.08984983604348,57.13179099997323,8.472531845498743,37.31803181983563,55.07025371779579,6.887550954979345,31.266706613786848,63.30449066735126,7.516277891027016,33.00368664072611,60.89399830857661
2009,6486.0,1814.0,927.0,,,,,,,,,,CLA,,,,,,,,,,,,,,,,,,,,,,,,,,,,,,
2010,6558.0,1777.0,671.0,,,,,,,,,,CLA,,,,,,,,,,13.59308647941478,,,8.90208317923232,,,10.442884120802681,,,12.941922871580774,,,14.247086088795701,,,14.097932966199581,,,13.59308647941478,,
2011,6351.0,2136.0,720.0,73.70492835773894,,,,,,26.9335833414646,,,CLA,,,,52.149267831837506,,,52.149267831837506,,,26.948858338804815,,,20.493495078484838,,,18.640778365138587,,,19.671651500250547,,,28.832462359727458,,,27.497414533692154,,,28.017357829261275,,
2012,6312.0,1652.0,804.0,58.04461375805075,,,,,,13.707107198241998,,,CLA,,,,40.51241658015321,,,91.96768060836501,,,15.82564700104777,,,13.062587021110721,,,19.527453172890436,,,13.396606292496404,,,17.849369366241504,,,16.54451502154949,,,16.988292756907807,,
2013,6714.0,1901.0,742.0,55.50384526213167,,,93.02949061662198,,,1.6765515738710368,,,CLA,40.02085195114686,,,24.396987481094413,,,58.71313672922252,,,11.65753595222491,37.64224304037808,32.95722395234326,9.4446353020477,23.43010309419478,47.934128766723674,5.9751600499736846,22.11043601706082,31.926063047600135,9.095817690687255,25.44969364929505,43.23490306734275,13.384370889232377,36.865280679025375,33.846582932846566,12.730631131233084,36.60295795192646,32.8200427180628,12.784953080908204,37.64224304037808,32.95722395234326
2014,6582.0,1610.0,821.0,24.258000062713077,,,5.85491810318245,,,19.253803398057748,34.71204137541478,29.64754274530453,CLA,33.127845738317,,,26.10918166201301,,,36.75016760477107,,,14.66610992574678,35.674382453539586,46.593752440459085,10.617661311232553,15.128011928021982,70.55448686926681,14.131642463788015,37.06802254432154,45.59488841621932,13.22909683614788,36.65871513075842,46.55733877085535,19.24111886450345,34.11331988296148,46.29496039609614,15.46542935296201,33.892086268514795,46.81733887062014,16.363521979754232,34.10531738112037,46.889108341606956
2015,6427.0,1555.0,732.0,19.33795743681563,26.952989518650014,13.171862549565988,23.169726911491935,,,7.091780766800255,56.336895932670345,37.770463307296716,CLA,25.488203116830345,,,21.219197165297047,45.3228359514013,10.524463555737869,25.98844308616033,,0.23144546444686478,13.627527344248232,51.27080919440257,41.2317690511016,7.511289727012867,38.253956512130166,55.47542917427673,7.1181804183373645,43.68420856175027,41.65962400945572,8.918605704456542,37.631766155513425,56.99659827856217,17.414059332731437,57.53492837722064,34.658700691561805,14.130617193042987,52.91053927769511,38.3047372347288,15.266445861248474,53.64003576371017,38.701128783305435
2016,6214.0,1519.0,731.0,20.819730439907264,82.52142522560628,7.935261068416869,20.062895434909766,,,10.2832771698588,10.084757072537588,86.11426949464919,CLA,24.657836127220143,,,23.333555722301096,75.05856296591826,13.777137025949736,25.356774865653364,,,15.254874366991576,35.60923428940447,57.56873293902956,10.519507415025778,33.16938488627652,63.106781653125836,9.445955418802672,42.06268225859218,50.26056884859589,11.960280402967793,40.46978614021761,54.20199253066428,21.433349046182954,47.24384700438829,46.24128701607475,16.51652775725743,42.38265859769912,49.329978446635415,17.455262278542367,44.66191652988578,48.62312285182035
2017,7031.0,1545.0,736.0,2.654821762591703,69.62534369288225,19.964843665060584,6.235434188743982,63.49399771279426,13.32941959157233,1.3432734398457622,0.35556819798037265,27.535201251600057,CLA,5.3092292062006425,54.94860712389979,7.237787215437214,3.275166281420428,63.16965685598015,24.112041129033482,3.0672893060889077,51.16175832207492,7.13821861199091,3.2854780760787095,44.19688661318836,50.18236799581143,0.8744139100669425,34.02308470738557,60.2848401832471,3.036936198648615,49.82935541733972,38.86370302527322,1.9574875637842983,51.18865775810482,40.82639443096402,2.5300105149401033,54.88409155087379,38.21158799578062,2.720129272150552,42.81731282173058,48.64866180100609,2.337473639968285,48.39988709326399,44.84307679938329
2018,6778.0,1650.0,718.0,16.720332946886373,59.94018562047365,33.396677487314875,21.37549815911914,54.64796092574835,37.35802862661243,12.818944569553157,,25.420478017114192,CLA,17.66178676266716,75.62713033108437,14.723507698836123,17.22951793163788,61.557687058751746,30.199121119928495,18.066912046826044,76.49494539629404,13.86178888317938,18.50988852905982,36.175985784052976,56.46704884188274,13.93034188537703,28.000068286859385,67.3676399761623,13.036161571193873,49.41917317537847,43.18765895263387,17.264480758455182,47.46532461260232,47.38132825351464,19.134253421250822,48.55245168197951,43.683783192424684,17.17726919614268,42.93879558763247,49.70165523851402,17.808546900624513,45.044281155152774,48.56356517540793
2019,6885.0,1821.0,691.0,16.107559219347593,48.520077257856855,40.79452088669344,17.92364915947867,51.7870319007396,38.61912842774286,10.924632866386037,,22.745098039215687,CLA,16.072973302415903,60.328685351606225,27.260883574160516,15.363266602726068,54.003938285944784,35.08803360061045,15.521760896216023,62.49370591790687,23.93847307379215,16.924924978523293,34.49363677051718,56.50928773083147,10.521705296614781,32.17174686511323,62.20924058907033,10.58934100968541,24.76857306687666,66.19607843137256,16.783990810585895,42.348562168101715,50.37553663447384,18.279703998163086,45.199693797944036,45.12863001186683,15.527506177291064,43.08156991732931,46.4597854530433,16.294182764346967,44.03094952758294,46.77927695177062
2020,6707.0,1603.0,757.0,18.342929775644713,47.37210488179181,49.36329489648259,15.89815203159811,46.88910480009194,48.311292633780646,16.155728431226372,1.312062024750261,22.051587893245863,CLA,22.44012605983939,56.54551744712638,38.132835455223926,19.421937095221395,52.982233358205725,43.50894691181104,20.434838963931305,60.73536510407001,34.53299392897179,15.703579783034183,35.40808957345016,61.82648309257535,7.047657743405221,28.38448106387076,70.3906792164334,10.661233030828331,30.12377476460503,66.8189652120839,21.347358685301817,45.277486409795806,52.98141005391317,24.46681002956446,48.695329172535764,48.49605195483196,13.702227189521418,40.92751101544424,55.25057392779598,17.161568687091798,43.6671181768189,53.6921902774924
2021,6797.0,1534.0,504.0,12.46808436755635,62.20789018295494,32.33105468779572,11.438253492395315,58.706529053913734,33.21448153538996,14.558405892082513,0.1176989848462557,26.92364278358099,CLA,12.977312596134034,70.36246204696597,23.006007380244167,12.298120970977626,64.55895471309344,29.03236542816113,13.06873953187351,65.65937742863295,26.79102017671913,11.52411605514866,52.77278083611787,39.4248118199278,8.061014405918025,37.844861092448085,55.01043731661888,10.340463733712575,66.91203334256004,28.622252196450155,11.788013789147081,60.93531553906853,32.071515222921484,12.616952648513342,62.846955141512346,31.324865395227604,11.819967381151486,55.98540587386979,36.481308825235814,11.803695238287185,58.764764829124836,34.97363395234407
2022,6853.0,1539.0,611.0,15.607326606873986,54.92251395637894,37.394179175633624,15.364132250386977,46.72890999048414,42.49460524521835,4.56247871978209,,,CLA,14.71289538702612,62.74404772407283,28.992336020977874,15.222806279226738,56.12135296314865,35.75377484867071,15.485032397464519,60.22762768540481,32.2206023564361,15.478696055937409,44.28016813125276,45.65651725122186,13.412196415111406,36.558205441990296,56.041805066538764,10.24768768391606,44.6638841628071,50.341289629795455,15.668951526244815,56.91418247031021,34.24979659041245,14.689413867687007,45.97847880167716,43.0161987696171,15.324120733884303,49.764786826906374,40.69835288955708,15.104333085233643,50.1898488528665,41.41247830893575
2023,7157.0,1538.0,657.0,8.712441304664269,51.51415167058757,40.035830062912495,11.817484150012499,53.91881644555697,38.366928878232976,11.862612028184197,14.049182618415538,10.598015928461646,CLA,10.13601092533545,53.4864240968428,36.3281182009453,8.973173193303715,53.2885472793333,37.45571163200947,8.425513000500136,52.73248162701555,37.93521284729898,10.958726364390598,50.738318386886995,41.56668145075849,6.81851889311228,34.644690191008536,61.381437387707955,9.810382411341337,45.13610458877609,48.82377944167348,8.744521504224583,51.699668321949986,37.802039035114284,10.242641537765689,56.063506135958576,34.01291560362907,9.954085909475813,50.03291518081274,42.01558771348477,9.703139310805899,52.3480621812219,39.80833667108637
2009,382.0,209.0,0.0,,,,,,,,,,MACAE,,,,,,,,,,,,,,,,,,,,,,,,,,,,,,
2010,622.0,314.0,21.0,,,,,,,,,,MACAE,,,,,,,,,,19.397274060328435,,,9.785137882354958,,,6.028938906752412,,,3.0453870887954486,,,22.810000824470276,,,19.007256149405656,,,19.397274060328435,,
2011,843.0,428.0,18.0,71.29300118623962,,,,,,20.97800896168972,,,MACAE,,,,71.29300118623962,,,71.29300118623962,,,20.97800896168972,,,8.475678407428898,,,9.57229471464347,,,16.215895610913403,,,23.792444276231855,,,22.19181487171557,,,22.59395541491225,,
2012,1089.0,463.0,28.0,88.38383838383838,,,,,,16.323521124754464,,,MACAE,,,,66.08968472604836,,,,,,21.755234147065767,,,15.703538736120404,,,8.370947234583598,,,14.300092050437057,,,32.45850738096103,,,23.18582791711848,,,25.129110994574912,,
2013,1271.0,392.0,52.0,61.82750198081041,,,85.12981904012588,,,1.3836512113730706,,,MACAE,69.70889063729346,,,31.331554693184575,,,47.44295830055075,,,14.526151989119155,,,10.149850878896121,,,3.618169009014568,,,15.063948226190968,,,16.322741129218123,,,17.514377115925885,,,17.25084156606455,,
2014,1462.0,489.0,72.0,32.580905396509145,,,1.7783857729138166,,,31.4668852871221,,,MACAE,62.482722475882525,,,38.58977491202183,,,61.22036023711809,,,15.6914665011523,21.94143205085711,34.28475660843662,12.155595069062198,11.13335210965371,51.6576808562002,16.13049095607235,16.34746922024624,9.644322845417237,16.353974558488925,17.233404989902937,31.193407595596376,23.28882307587757,41.168847119811275,19.199031434486493,20.236620143351907,21.881577618374724,34.97014023887809,19.76935905097519,21.94143205085711,34.28475660843662
2015,1604.0,498.0,198.0,29.74390840068343,,,23.839145093768163,,,5.9587249091429815,23.741329087851923,30.340700201233112,MACAE,48.7254842329852,,,34.06802844771878,,,41.089625828084564,,,15.143710199309565,23.34513679269484,46.64073115969654,6.191808695791129,20.770933032767484,53.337300687674755,6.901830245814036,2.560785536159601,57.64339152119701,15.00837258595898,19.638309529207284,56.12115544472152,24.855300592107575,15.638438867865302,51.57124670840382,18.250525255191373,21.97054151139055,46.96104322818786,20.08405200894569,21.638125419546327,47.39966680553178
2016,1752.0,552.0,165.0,20.132999557478215,3.0821917808219177,36.27772341813438,18.509859120123046,,,0.6237769080234834,56.769628531425376,35.33126755724925,MACAE,27.27414309493437,,,22.867985807891312,41.793052837573384,24.390628397477712,25.93842942057764,,,9.888273233582538,42.865857194939686,43.705944747008076,3.6729933281109814,34.075973562433205,58.76345081662158,11.187214611872147,36.523972602739725,41.56392694063927,9.180422810920287,31.819509041580368,62.86244292237443,17.75530204949699,38.26519938114402,40.3825559904327,12.950899718987772,43.289016644440856,43.33938207189642,14.225239917737072,43.71098591893876,42.19820518478277
2017,1953.0,516.0,164.0,9.984376425289565,55.79761367372442,18.96573840279884,9.85669078463496,,,9.288898432151987,9.81443500508339,73.15112695514401,MACAE,14.238695276400684,,,11.082370196731263,51.997159816910106,28.70886705936855,12.15322131704954,,,8.106402356638531,52.651994337712445,40.3478499450231,1.0815437286025522,40.0490989866023,54.65309779825909,7.742246164276787,47.248585814254014,52.302928339794704,5.3095628105115775,30.231543889103683,63.25982005705509,13.197702455813696,65.98198795779442,27.839435057176992,7.933888140424513,49.91956991278278,40.065272846787956,9.229549649024912,54.105294094704206,37.16037004629615
2018,2110.0,542.0,178.0,11.912583020101614,57.489726248711534,28.084247861956396,13.159248578227754,43.34426149421033,40.165480475247286,6.684044233807266,13.080568720379146,3.2701421800947865,MACAE,15.712315491665201,38.311923172861064,16.440924586347386,13.767079786506189,52.95356033886906,31.496915669901455,15.342631504622382,35.821341375843744,29.81305950500263,11.163862758144191,43.18064415958461,48.94505155207333,7.298591795941542,26.117387608584863,68.28273732586528,7.951918771684592,38.97284204504724,56.75919656962311,10.986265084866607,31.2010206409147,65.88342052891815,12.209723915204702,55.53342146549453,32.99050394907469,13.064857731202595,42.98235928385709,46.90268511941265,12.3234610409136,46.74193892485965,43.85499228555579
2019,2264.0,523.0,246.0,10.579521383483511,37.40346748328937,50.55011110809869,9.306135953413788,28.277676943803115,59.34648255650906,4.684187279151944,,,MACAE,11.190729754737088,28.897365637034447,43.80963589406378,10.48060998912433,36.128730248578634,48.85663161961657,9.041127369365698,37.83933042716808,46.81844286285589,9.259953076182791,26.942101912917774,64.741715904895,4.636538127603257,14.279634953083496,82.57456251051657,4.242447267708388,35.25314562417036,47.23596387907342,8.33703518543785,30.740003710363666,62.22030899730233,13.41151925178955,36.83999432418195,50.299621269465725,8.707772593953923,30.85580711852777,60.26704628967076,9.761477673942458,32.8100365310354,57.057641801206145
2020,2293.0,505.0,243.0,12.410956403710365,52.307219470481236,41.12578817302238,10.018637122917033,39.32860903044253,52.262793912798685,2.4422154382904493,,,MACAE,12.095511134706886,56.55354310768859,34.778579929117356,11.833171177804585,54.76246800811863,37.89099194940111,11.99482850871799,55.38117906882386,35.99703111426252,10.625195531159893,40.47707138458339,55.482660391734704,2.6090074698824104,19.247448876808644,78.9400579352501,4.675915830789359,21.692106410815526,67.92847797645007,12.781468588689437,33.297064260867145,62.240151184765224,13.935260156914538,53.848212716800035,40.52614096889889,10.405981726136682,47.619606095070104,47.8872212266754,11.124240849356083,47.935582284210454,46.98097707934803
2021,2364.0,515.0,239.0,9.551072247015954,54.007600672626744,40.7440831696092,10.014929304294158,38.71388086664859,54.451535058898926,19.94500846023689,,,MACAE,9.426301577572282,58.190920400952606,35.61293230873221,9.613588434305047,53.97200351799094,40.495411319537254,9.090636120561832,52.18473917346368,42.45458934822413,9.912805068253457,41.979010756045945,53.71051872994464,5.043931466107597,26.18409547783728,73.4893880931215,5.233906322104292,48.5959016036002,48.13169768753526,8.536120389127722,45.42731511922262,53.07722563600201,9.576741200210428,54.17009029248001,40.52690737372732,9.850268595122618,45.957465805645874,49.333364057271446,9.755549360124121,47.79524683145075,47.254206159634506
2022,2399.0,506.0,285.0,10.539746739554658,43.24341404496754,50.466355166660385,11.658462576063224,38.02093292763852,54.45150240267568,,,,MACAE,9.01255004080276,43.480289430441516,47.64029623198093,9.678473271988441,43.84435495943924,49.145330291641685,9.353812756272115,51.822363247237575,40.798569068681616,12.022739688177676,36.38012404252078,57.13925752038449,6.763404335480147,21.772824060250873,74.36217909423044,9.263244700559268,28.93411419699547,66.96440977391373,9.563625247780202,38.92018752503446,55.49710263650212,12.043341692289927,47.6320033761033,47.86940778567725,11.412231786912436,30.950501310306308,60.884947497816746,10.84990830127955,41.592183198430554,51.93042266906497
2023,2477.0,493.0,366.0,5.054893212433768,24.009308527951728,68.56116606932052,7.386563333704573,15.530371166758707,75.63440662233043,,,,MACAE,5.732948312873462,30.065296701984227,63.43981751839304,4.997693298138946,26.688405793937203,66.35066420593267,4.848831471762436,37.90306876276833,57.56294172269533,7.030939796121661,14.229053942013069,77.08598361605047,2.225205314031724,3.070919122594536,96.76759520925852,1.9599614700861965,20.637671930534,78.00560024015817,4.267415230152917,22.396409696795462,70.89982488845129,6.33270061877102,19.364325699592417,70.70303132475114,5.541688109013562,20.482040766337185,71.89157825568931,6.05083404065578,20.219638263319737,71.99820735591288
2009,110.0,63.0,0.0,,,,,,,,,,CAXIAS,,,,,,,,,,,,,,,,,,,,,,,,,,,,,,
2010,201.0,124.0,0.0,,,,,,,,,,CAXIAS,,,,,,,,,,14.29669832654907,,,12.967769846420074,,,,,,,,,12.967769846420074,,,15.251865671641792,,,14.29669832654907,,
2011,285.0,143.0,0.0,60.70175438596491,,,,,,27.77079479348914,,,CAXIAS,,,,60.70175438596491,,,60.70175438596491,,,27.77079479348914,,,4.220009483167378,,,,,,34.71734892787525,,,29.434972601027276,,,28.971398192450827,,,30.36910876022416,,
2012,352.0,138.0,0.0,58.969155844155836,,,,,,20.729670986680333,,,CAXIAS,,,,41.865530303030305,,,,,,23.51662205050055,,,15.428120134147804,,,36.417748917748916,,,21.994047619047617,,,29.52716081267217,,,22.3642915375581,,,25.389626278363696,,
2013,431.0,139.0,13.0,57.93422726789281,,,61.716937354988396,,,,,,CAXIAS,61.716937354988396,,,25.48800042999579,,,28.53828306264501,,,17.10649281436229,23.001755484354092,4.076897580377858,10.460451381565072,6.658932714617171,16.647331786542924,12.34338747099768,28.53828306264501,,14.444410964132542,20.384487901889294,8.153795160755717,11.616780274098945,22.28704010606563,4.7563805104408345,19.140149998618675,23.447842382574553,3.658754238800642,17.050525796783287,23.001755484354092,4.076897580377858
2014,484.0,147.0,89.0,29.530428249436515,,,,,,29.514751184030175,44.90978253256759,46.887913223140494,CAXIAS,16.976584022038566,,,19.55600034435262,,,28.512396694214875,,,18.98406671133944,44.90978253256759,50.37448347107438,14.343615974379771,27.892561983471072,72.10743801652893,16.741614000972287,48.81198347107438,40.03099173553719,10.757888805409465,43.38842975206611,45.764462809917354,20.76985188270455,55.66890495867768,40.03099173553719,18.469352617079892,33.79291163382072,57.445963127781305,19.24204793100662,41.59187758264463,52.00154958677686
2015,475.0,148.0,51.0,28.44371997359979,11.494736842105263,52.059442724458194,18.8168016194332,,,3.2781954887218046,66.45902944097202,26.512383900928793,CAXIAS,46.833082706766916,,,30.42882028728903,34.61609907120744,40.128792569659446,55.254798761609905,,10.049535603715169,13.445288347772987,55.38391120031019,34.03451740807126,1.3768421052631579,47.49599594223653,43.52781954887217,30.985472731602762,6.966507177033497,55.47368421052631,15.298245614035087,36.57008310249308,47.90526315789474,14.493074792243767,49.70679425837321,35.06985645933014,18.75804652553385,55.44324036968296,34.367445671257464,17.09717571239022,52.291120278798246,35.28696044895331
2016,444.0,93.0,62.0,20.81053815075535,67.4054549054549,13.200013200013197,16.4014014014014,,,7.742803779389145,,,CAXIAS,24.547728321313226,,,20.613086204484052,65.67037625861155,33.153153153153156,15.814275814275813,,,14.74675987138106,40.750538600012945,48.53647558565592,6.583856583856584,36.49789029535865,58.48616473616473,6.193693693693693,24.286786786786784,63.21321321321321,7.775392129546163,40.79658605974395,54.5945945945946,17.74956774956775,57.44352044352045,37.362637362637365,16.878131768372445,36.92728196176473,51.77749177749177,17.231503521052897,45.452848732634536,44.88279488279488
2017,497.0,150.0,84.0,10.571364696113186,42.17325319437995,40.96463395759171,8.483174911538194,47.57712944332663,52.422870556673374,5.3637039629078815,,,CAXIAS,17.814970631872036,50.85513078470825,29.845741113346744,12.099566112966908,30.878706582931933,56.92488262910799,16.50793650793651,34.43387598317176,41.4822266934943,7.63948601389916,29.27049476345251,59.89268947015425,,,,13.838587078023696,53.89915249070178,30.516431924882628,14.301477904271136,17.11371655492905,76.15584813227188,13.29644533869886,36.35290154404842,53.27641524824624,8.62316757688991,25.251904087417163,63.29564689725656,8.993239640603408,29.537770485337514,59.32092555331991
2018,501.0,146.0,53.0,18.275892659126193,58.730770201742565,28.20114157649613,11.870323868392248,57.057336208663195,36.49146152140163,12.161391502708868,,19.161676646706585,CAXIAS,19.30946959200312,57.399745962620216,18.967260284625553,17.81964058516217,57.6778143523559,27.37328373555918,21.080133639530974,47.51887529289248,28.52035060314154,12.308715901530274,52.492588102595086,42.24883566200931,4.413602701139776,28.192594403030668,70.91246079270032,7.937067042385816,82.11989482573316,11.626746506986027,14.134593132575427,51.59110350727117,41.448214681747615,15.873236914874568,57.5981370592149,37.90419161676647,16.041575702057695,59.08666207515878,33.89023112077004,13.86861770439,57.531813537531,36.33883301112311
2019,540.0,158.0,58.0,19.825376832541814,61.5666559231259,30.20192508893074,8.172530206112295,40.528626305680525,49.77913279132791,25.0,,,CAXIAS,18.567688378033207,73.9411944792859,18.00766283524904,20.608465608465607,61.537744555186414,29.865079365079364,18.787878787878785,76.50478225478226,17.950854700854702,10.357927097057534,42.354733091035364,48.960317460317455,10.605435156518746,25.725232621784347,72.41379310344827,26.21539961013645,47.27272727272727,35.27777777777778,10.956613756613756,74.96010611162127,23.232323232323232,13.232181761593525,42.11538461538461,51.62393162393162,14.698067632850243,59.16205127964916,33.461007591442375,14.611408920732162,51.9325085084329,39.41269841269841
2020,552.0,161.0,73.0,21.814650987161507,16.81661092530658,76.28539576365664,16.459111859960906,18.028689736764274,77.0910973084886,13.043478260869565,,,CAXIAS,22.013729977116704,25.017540832758222,62.814872325741895,20.936674140335466,22.876496534341527,70.16068052930055,17.94871794871795,9.894253454668013,77.14371980676329,16.91605601693535,15.487385547204633,79.15458937198069,6.756987359978547,7.809983896940419,92.19001610305959,5.148741418764302,39.221014492753625,43.29710144927536,19.733389033495076,14.525269416573765,83.55629877369007,23.60448428383211,34.16161133552438,59.468430120604026,15.985162180814356,12.291919055951901,81.74047651097052,18.589903612786905,19.5406061838913,74.72299311337238
2021,578.0,160.0,48.0,13.856907633175634,74.57861843435563,20.65216507034309,10.841825417949986,43.88720535102362,48.760092272203,5.449826989619377,66.60899653979239,,CAXIAS,17.088241322353905,80.46436367449265,15.190835692565797,12.864799818468311,75.54187419424272,19.999904939351303,12.799810723686155,83.45759484256837,13.308490817141337,12.214646826891752,48.043566513309536,45.03130664030318,0.5190311418685121,50.5250865051903,47.21020761245675,12.799094538189987,64.76355247981544,32.81430219146482,16.764705882352942,55.47413549986635,37.31076989619377,13.824861740800918,60.121765865055096,32.98104075457613,12.883779545966622,62.52102312031042,31.698215618427298,12.75051276832266,61.85768867702179,32.35839906625193
2022,529.0,128.0,64.0,22.58792762266671,52.90313662773817,37.376953295767336,25.201068925987506,43.772625033601976,53.70598320657669,51.370510396975426,,,CAXIAS,23.00197161895149,58.585315855049586,32.986622296946095,22.272792349480483,53.24262891046718,37.03567421125522,21.285494778767326,59.63846880907372,34.72747321991178,25.780519351308328,42.019058963668854,54.53686200378072,21.331583488667725,13.019533711405169,79.92018483511868,11.111636210880068,30.85457271364318,61.09640831758034,26.116324092527808,66.15182302697714,30.0,24.53649936724574,53.676604322457116,39.952605349083306,23.818090911083583,48.17388184475231,47.56997377888896,23.500509718750084,47.12841948590922,45.88468809073724
2023,552.0,139.0,49.0,14.274197621492082,64.43738628521237,26.96428571428571,7.377251172208013,50.6724153597248,41.31901311249137,,12.86231884057971,68.29710144927536,CAXIAS,14.767795599151643,71.72886868112785,20.236178207192697,14.22158208639187,64.15357777432766,27.046849838969408,15.07425299695831,55.69041867954912,33.875301932367144,7.537787293222076,52.80097252375294,39.243037794828076,4.661541180629198,39.78651797429474,55.09460547504026,14.647282983766914,62.924430641821935,34.14855072463768,12.96789744259121,72.34844148037895,22.031323048153343,6.138601860669317,57.205371586427,33.40466374828226,13.295503910935633,59.51081882028173,32.42167519181586,10.843502587338616,58.27564813072059,33.30003753344714
2009,1121.0,461.0,178.0,,,,,,,,,,ESCOLA DE COMUNICACAO,,,,,,,,,,,,,,,,,,,,,,,,,,,,,,
2010,1114.0,494.0,162.0,,,,,,,,,,ESCOLA DE COMUNICACAO,,,,,,,,,,34.252386002120886,,,31.751227495908346,,,24.0,,,26.373626373626376,,,34.22459893048128,,,34.27065026362039,,,34.252386002120886,,
2011,1136.0,469.0,175.0,,,,,,,29.6218487394958,,,ESCOLA DE COMUNICACAO,,,,,,,,,,29.6218487394958,,,17.669172932330827,,,18.51851851851852,,,22.727272727272727,,,31.38297872340425,,,28.993055555555554,,,29.936974789915965,,
2012,1114.0,257.0,134.0,35.55555555555556,,,,,,9.606986899563319,,,ESCOLA DE COMUNICACAO,,,,20.0,,,,,,10.37117903930131,,,2.0161290322580645,,,4.3478260869565215,,,3.75,,,9.948979591836734,,,11.423550087873462,,,10.822060353798127,,
2013,1210.0,252.0,206.0,51.49253731343284,,,,,,,,,ESCOLA DE COMUNICACAO,,,,12.037037037037036,,,,,,1.0321100917431194,32.034847106570574,44.68546637744035,,26.455746599631496,50.19305019305019,3.7037037037037033,34.21052631578947,50.0,,14.626865671641788,62.857142857142854,4.415584415584416,39.18699186991871,40.0,0.8403361344537815,27.23785166240409,47.82608695652174,2.2448979591836733,32.034847106570574,44.68546637744035
2014,1226.0,1367.0,221.0,,,,,,,97.6303317535545,96.54843192942172,2.42914979757085,ESCOLA DE COMUNICACAO,,,,,,,,,,,37.00888271194634,44.33198380566802,,34.861540727647665,53.62903225806451,,10.743801652892564,72.72727272727273,,42.90657439446367,44.11764705882353,,36.63633299629256,43.47826086956522,,35.9444751163341,45.483870967741936,,36.14771561587627,44.73684210526316
2015,1187.0,256.0,198.0,10.69364161849711,38.577586206896555,39.58333333333333,48.2442748091603,,,,59.53274352530782,36.57957244655582,ESCOLA DE COMUNICACAO,13.761467889908257,,,10.948905109489052,53.125,37.5,12.903225806451612,,,6.019151846785226,52.29732583808055,42.75534441805225,,44.23081247610695,54.644808743169406,,40.259740259740255,57.14285714285714,0.5586592178770949,49.53617810760667,48.57142857142857,8.75912408759124,51.305085516050354,43.85026737967914,6.397306397306397,53.56017111336261,41.13475177304964,7.36318407960199,52.65927405811416,42.217484008528785
2016,1137.0,243.0,166.0,10.90047393364929,70.67267460572899,14.225941422594143,14.187643020594965,,,,,,ESCOLA DE COMUNICACAO,8.074534161490684,,,10.72463768115942,71.57894736842105,25.0,5.0,,,9.006211180124224,19.1657010428737,80.0,5.032822757111598,18.803418803418804,81.19658119658119,,61.05769230769231,37.5,2.803738317757009,33.33333333333333,66.66666666666666,13.613861386138614,34.61277173913043,62.5,6.837606837606838,33.762912446093665,65.68047337278107,9.605662285136502,33.92524958774359,64.59143968871595
2017,1212.0,264.0,190.0,3.617021276595744,,61.40350877192982,5.417607223476298,,59.42028985507246,,,,ESCOLA DE COMUNICACAO,4.716981132075472,,41.66666666666667,3.6764705882352944,,66.23376623376623,7.446808510638297,,34.146341463414636,1.4209591474245116,,79.42857142857143,,,,,,,,,,2.8350515463917527,,70.53571428571429,2.0583190394511153,,79.28571428571428,2.368692070030896,,75.39682539682539
2018,1191.0,256.0,197.0,8.54368932038835,76.59800345884487,20.8994708994709,8.528784648187633,81.42160199682323,9.615384615384617,7.894736842105263,,,ESCOLA DE COMUNICACAO,11.811023622047244,69.27623204218949,26.495726495726498,9.247311827956988,76.41803278688525,21.0,10.407239819004525,67.85185185185185,28.000000000000007,7.8994614003590655,86.63709075630022,12.558575445173384,5.095541401273886,84.32,15.680000000000001,5.681818181818182,75.55555555555556,24.444444444444443,12.068965517241379,76.33840052875082,23.52941176470588,11.5,87.23297491039426,11.648745519713263,6.591639871382636,82.56840757307627,16.31644004944376,8.512720156555773,84.44342122942427,14.41111923920995
2019,1168.0,343.0,180.0,18.846153846153847,35.38039974210187,57.57575757575758,16.883116883116884,9.047154471544715,78.04878048780488,,,,ESCOLA DE COMUNICACAO,19.101123595505616,52.007154213036564,44.11764705882353,19.166666666666668,36.93386445487286,56.30252100840336,18.695652173913043,50.044603033006254,47.45762711864407,14.980544747081714,9.35452529832341,82.48175182481752,9.35412026726058,,,20.792079207920793,20.0,80.0,17.424242424242426,33.998548621190125,64.15094339622641,14.720812182741115,23.87000180696456,65.76576576576578,18.5,20.79088895919013,73.79310344827587,17.002012072434606,22.215813758389263,70.3125
2020,1130.0,297.0,142.0,15.04761904761905,44.070778145695364,53.90625,16.5929203539823,34.724499325516234,61.73913043478261,9.090909090909092,,,ESCOLA DE COMUNICACAO,19.50354609929078,53.88538853885388,43.93939393939394,15.4320987654321,45.452193039203,52.54237288135594,15.10204081632653,47.83987316686485,48.275862068965516,15.936254980079681,35.07747747747747,64.0,2.4774774774774775,16.346153846153847,83.65384615384616,13.761467889908257,55.55555555555556,44.44444444444444,21.27659574468085,46.55172413793103,53.44827586206896,19.25133689839572,43.06676449009538,55.319148936170215,13.517915309446254,38.32790700407856,60.402684563758385,15.68825910931174,40.1460297615947,58.43621399176954
2021,1199.0,295.0,88.0,7.020872865275142,58.58264170366081,37.878787878787875,10.154525386313466,68.52793670975488,28.787878787878793,12.5,,,ESCOLA DE COMUNICACAO,7.11743772241993,63.777281746031754,31.944444444444446,6.517311608961303,60.58259160790661,35.77235772357724,9.126984126984127,52.42589832753768,42.62295081967213,10.46277665995976,66.11781621113462,31.205673758865252,5.496828752642706,59.3312139408925,38.59649122807017,5.223880597014925,82.32931726907631,16.666666666666664,5.952380952380952,58.16993464052288,36.7816091954023,11.232876712328768,67.87415531184226,28.43137254901961,6.902086677367575,61.01017827925458,36.41975308641975,8.502024291497975,63.5650623885918,33.33333333333333
2022,1278.0,252.0,167.0,9.612141652613827,26.836492890995263,59.375,6.262230919765166,15.4052734375,70.3125,,,,ESCOLA DE COMUNICACAO,12.149532710280374,38.19444444444445,50.0,9.712230215827338,24.341824997869978,61.15702479338842,11.11111111111111,38.50267379679145,50.0,5.585585585585585,18.972794304602083,68.88888888888889,3.544776119402985,,99.0,5.9171597633136095,8.577586206896548,72.41379310344827,13.818181818181818,40.44217175515114,49.18032786885246,9.336609336609335,44.160997732426296,47.61904761904761,6.676136363636363,4.928289928086785,77.48344370860927,7.650765076507652,21.402462121212125,65.234375
2023,1300.0,241.0,80.0,4.026845637583892,77.64110529348399,18.994413407821227,5.346534653465347,66.37122339393156,28.04878048780488,10.0,,,ESCOLA DE COMUNICACAO,8.359133126934983,71.53083700440529,22.916666666666664,5.072463768115942,77.06702057067021,19.393939393939394,4.6263345195729535,84.93403398926655,12.790697674418606,4.293381037567084,67.92161456946589,26.966292134831463,,70.39326025436685,28.87323943661972,3.389830508474576,69.07801418439715,26.66666666666667,6.405693950177935,75.3723110865968,19.387755102040817,0.9950248756218907,78.80198078873576,17.117117117117118,6.770098730606488,69.59705175660757,26.293103448275865,4.68046804680468,72.33645644846861,23.323615160349853
2009,1852.0,542.0,318.0,,,,,,,,,,IFCS,,,,,,,,,,,,,,,,,,,,,,,,,,,,,,
2010,2286.0,678.0,214.0,,,,,,,,,,IFCS,,,,,,,,,,10.136357720409332,,,5.374015748031496,,,,,,3.7532808398950133,,,11.624699635964962,,,8.701906560901245,,,10.136357720409332,,
2011,2168.0,577.0,421.0,,,,,,,22.85877131779744,,,IFCS,,,,,,,,,,22.85877131779744,,,18.443509494428262,,,22.74734778597786,,,19.878647904485682,,,25.26645047800536,,,21.18805476219687,,,23.34919758765976,,
2012,1924.0,598.0,271.0,,,,,,,19.254182938256044,,,IFCS,,,,55.110512471255184,,,,,,22.272086593888158,,,18.689356591450096,,,8.977823977823977,,,16.784182755827956,,,23.256663686362028,,,23.911999861761377,,,23.63572329610118,,
2013,1984.0,542.0,272.0,57.63681537259875,,,,,,,,,IFCS,,,,25.699142984289452,,,,,,11.601857253026582,42.52934130028568,51.75484377351557,4.365332539453834,10.594938767502374,85.71104043616539,4.9701533839342185,31.814363391984358,68.18563660801564,10.791348630255245,44.57209082833666,52.77925155631013,14.776075560140198,47.81055875915426,46.10478810498533,10.84113161612452,36.86402900018151,57.780989958409315,12.851985171101997,42.52934130028568,51.75484377351557
2014,1885.0,1000.0,284.0,61.31786861075396,,,46.94960212201592,,,40.85592932136738,57.09208431337991,33.02306995081573,IFCS,78.30887305322501,,,67.22764861912935,,,75.19981344915033,,,43.80637387332881,46.39817848347054,41.382309999071126,44.67594884459423,36.94658077149893,51.62319594266139,24.418313108013237,46.27377801628634,42.09119616016168,38.69162220963849,36.12810714745712,51.87023182859631,45.17722009772523,50.05870740544979,37.092327880619784,48.59006386685719,38.08488580261262,49.01828173207787,47.19279077282435,44.49265540687801,42.58127906941713
2015,1794.0,593.0,237.0,26.110379312349757,,19.944108179402296,41.18490205446727,,,5.273536470291035,70.615346931206,23.203811439105557,IFCS,29.889510963935653,,,29.728557465783744,62.70102446573034,14.276573100102512,36.14531058510161,,,23.428208821577364,37.57695030438233,49.63250257367904,16.207662219115388,21.31139599170289,65.89776378778936,10.19846443575257,30.402930402930405,66.15384615384616,12.733723206427328,43.142227305123235,45.67428549329002,23.940441122372217,47.14614342411089,41.66829099494304,25.696117888999634,38.08492915627934,47.765951990262366,24.99395883978283,43.113400301509934,44.34013080913635
2016,1770.0,771.0,218.0,37.559517122415656,84.66303832749867,6.562198939310414,45.90208852920717,,,18.745373076173777,32.06412224678621,67.93587775321379,IFCS,35.006993960646795,,,38.41991363552598,84.39934022682002,11.614282882347112,33.45247886561446,,,34.68542592369313,49.695384409562664,44.44904185510426,29.06475293591174,43.946090076215825,53.76905007796205,24.119690311780708,75.34948611611972,23.24576271186441,31.29068129257795,30.728200444113813,61.74681780062523,36.41390713622304,51.19482591208592,41.49010664018731,33.6209311007071,63.18344490554315,32.91566349192318,35.65103917083059,57.23798723444719,37.23118045581813
2017,1934.0,512.0,237.0,9.315880210275706,17.72113273647425,30.791625956277702,19.382383612155337,37.30895879823654,27.88235454199097,1.7752499138228195,,,IFCS,6.90896951298562,27.497951892988088,16.302260304328556,9.528670751473353,16.02839248747694,31.798883508382264,12.199981762542677,34.34591520165461,12.650810065494655,7.798577480666436,21.25915191492589,47.85870016269373,4.819664096509129,10.043928268288482,69.46240105735191,1.0943073971280652,3.6038908024974545,91.59092146083927,4.963202946656928,9.597862783347352,61.70787138356461,8.986561378888682,27.860651390434427,38.186902849766724,7.9543186337854035,11.3255094235292,53.46195592505642,8.390373120732844,21.098118301400614,44.09291956911886
2018,1903.0,521.0,224.0,18.638140638516855,70.18782284700106,21.859287014745426,20.654094449764777,67.43866575405129,19.92414400569363,9.771048002010554,6.258673888731691,74.98147324736921,IFCS,19.305179311356778,81.52709672041843,12.74380165289256,18.542970087178443,75.22860461194868,17.12226812344741,16.2378997416792,77.6615774894808,13.33433425918975,18.76006442778815,59.199079662502264,31.569418550687626,14.307618323388617,51.73127876373488,40.75125260096358,9.539281424603471,54.99362997729421,38.76710957635813,19.077050253157566,73.02578739673328,23.869573174888345,19.900782291841075,64.54815890036073,27.17299677715411,17.55033086407657,66.21005733731259,25.28503391123735,18.593131179002523,65.4526294204766,25.981689850052877
2019,1890.0,508.0,230.0,16.627403496771137,48.15367066993137,31.82189918112839,21.487054174977995,24.564590114720453,36.239845462412745,2.4251983075512484,,,IFCS,16.144193069399027,47.93405734914155,34.26346107801299,15.432920066872674,43.37368117060252,34.15415569852071,17.554443720937197,53.18018839711198,31.855649224070277,19.620531774563627,29.190561141887827,41.96125157565836,14.399559876685151,21.01881676484557,52.67845661683917,13.05356250123692,21.48778029730411,57.62751322751323,15.03021171929991,15.796034305901234,59.14182995135376,16.316339991627927,36.32620405870756,38.42482922762064,18.517455245397333,33.69269558105002,39.68495968495968,17.662939780236258,35.11294985445182,38.73870278085394
2020,1799.0,574.0,235.0,26.791612128183814,61.820393055394405,34.41790355023837,25.593137240689973,60.248914840250244,31.9969994221736,17.584895649097984,,,IFCS,28.196307540087712,65.03128523521495,32.35786617133742,27.368463470891463,61.475421814935004,34.67772570873748,26.904175141911132,60.32877360415491,34.792776511494516,24.938334057335325,59.669883523050125,35.327986905637374,9.879290168191188,46.969551951365894,48.95509338864475,18.011507733026146,65.22464769303704,34.493732223653865,28.901153504347405,55.13184757042752,41.78860548704082,28.175686347556432,65.66688463830599,30.653265318330956,24.215506306635525,56.85820619674311,38.19119133761772,26.13368071758633,61.44124031353768,34.31007650862817
2021,1767.0,471.0,153.0,19.428859717206983,70.04911957872142,24.46750498298572,14.719177268359433,56.851584371124,34.531064375837595,17.809532792554865,,,IFCS,21.279738340697783,75.82706229891157,20.110992461936235,20.416422264815953,70.8191657781931,23.964401472890437,24.103833740822207,74.31112909344988,21.594667672766143,13.991050545750083,55.61832538348302,36.18302756026976,8.991614082756792,49.58159136625599,43.40846295194531,12.968760756130134,68.58779805762828,28.487415321238668,22.23601603426537,62.248008229461675,30.70672753847803,18.509749227888946,65.89846370858564,27.36752848239208,16.496341199541916,58.633812602720425,34.36619294683811,17.178947607210485,62.66173430646669,30.548854604955586
2022,1813.0,451.0,184.0,14.16071886172692,60.157572012774786,33.76555978345462,18.99655464799998,55.05705745497419,35.577526736370196,,,,IFCS,14.388808215395962,74.71103962280264,21.269887963765512,13.15299867650098,65.60347350232125,29.44308608017382,9.58243430386115,70.23931224254675,24.54694201324929,17.93653579367865,47.72935313815658,42.3897262278593,15.623026344360557,41.374090868209876,51.30651253208442,9.900289447513599,44.22129096221703,48.48462783946655,16.166758280326036,67.45222721131881,27.89502714314744,11.265445765979829,62.77677205446815,31.55026142660352,19.135784694388004,50.42640620928622,40.594257098250004,15.632021946235533,56.166708911036295,36.44607048891001
2023,1908.0,471.0,150.0,11.94065743723475,60.588698423160935,28.860266139425658,12.347079995208079,61.68792444478191,28.54861686113998,,,,IFCS,11.967183590325867,63.310012235088635,26.461620118679598,11.480948925094811,58.155457296493466,30.448477531738742,9.74738507420643,63.493218450577395,27.023582935325738,12.318016204609387,61.26262757015671,29.07982899658815,6.909857785868567,49.47088028820395,45.45583224971707,12.122719586960248,61.807337868658614,32.10242587601078,12.566937458515,56.71335798945993,30.730224192643,13.845511446580792,61.08995142249542,27.871199739233692,10.535300182938867,61.11273443209696,29.61421225848528,11.86279478732309,59.721981083590926,29.742665392171492
2009,31721.0,8398.0,4320.0,,,,,,,,,,UFRJ,,,,,,,,,,,,,,,,,,,,,,,,,,,,,,
2010,33852.0,9460.0,3888.0,,,,,,,,,,UFRJ,,,,,,,,,,12.80724390740097,,,9.073886725698479,,,9.118592094955345,,,10.120319940135309,,,13.366207545565427,,,13.032297592045088,,,12.80724390740097,,
2011,34496.0,9951.0,4349.0,82.64436456400742,,,,,,17.199019171768693,,,UFRJ,,,,78.67578849721707,,,78.67578849721707,,,17.201831425598343,,,10.569710730570888,,,12.218511005911335,,,11.53043377239753,,,19.49978629383628,,,17.116056203665764,,,17.912298454890355,,
2012,34923.0,9032.0,4246.0,56.23990817790522,,,,,,11.140735651592388,,,UFRJ,,,,36.059950770532396,,,98.3506571600378,,,12.87756783983865,1.271368439137531,,8.34488040712618,1.271368439137531,,13.377186642775078,1.271368439137531,,9.942326084809558,1.271368439137531,,15.707408847710727,1.271368439137531,,13.349628764195268,1.271368439137531,,14.081158163777568,1.271368439137531,
2013,38715.0,10274.0,4200.0,53.130388512953054,,,95.12592018597442,,,1.0056789963641417,1.318699355980341,0.008124640437697393,UFRJ,73.63295880149813,,,17.946404385695974,,,73.41082267854837,,,8.871144977311225,17.128712177322306,20.46054511797798,5.417014067134328,10.049580152413842,28.528872610630422,6.147065906445135,12.691951471789967,20.51658911209473,6.641665845371544,12.531273320795256,26.114380825182433,10.944215050261326,17.409114534289014,20.33454880364866,9.069770052913935,16.647018055204086,20.88702771093368,9.756834189874354,17.12597888779234,20.46054511797798
2014,39477.0,11538.0,5148.0,26.182622158446364,1.2944246016667933,,7.8108649231477,,,26.14165876260212,23.76612000775755,18.710332753057873,UFRJ,42.81882530435859,,,28.142399164670817,1.2944246016667933,,37.17096011218312,,,16.600775190210157,30.92635770089408,54.08854732802389,13.613116514886636,18.167392844733676,70.698546831956,15.726309770083514,25.08600279855401,55.7895216581287,13.42829627196771,23.84724441976516,63.232781034496334,20.382377967547793,32.50131500606653,51.66553360208409,17.251335298667748,28.988128759170664,55.69693319828661,18.398930421698598,29.963065417632507,54.714537629380004
2015,39104.0,9731.0,5097.0,18.38201653882929,10.369565169585014,14.979248805216761,20.389845175070345,,,5.894182811640623,43.839036061136675,46.17179523453786,UFRJ,24.82986446871699,,,20.091227332428957,23.743283230242376,11.669082099247683,25.924962038734414,,0.703283755707684,12.16173510035064,37.23582513955013,55.1333323129696,4.6716465604599176,23.402445265345033,71.49367905454497,8.77103283063026,29.039711742518197,56.005932470865,8.74665348720512,25.627847200113724,67.40093537487085,16.74044947785004,42.0931573200313,48.80929841398327,12.538199605158871,33.790507749758916,58.05596887067903,14.098246370367969,37.32533452137339,54.716834966491184
2016,38177.0,9550.0,5144.0,18.891493425744518,45.1382119891902,29.697530141663442,17.148385323900644,1.1844716945349254,0.025732623469554523,10.000152436746458,23.41545607738127,69.38392385571734,UFRJ,23.961512156703474,1.2180108442255808,,20.443801301985207,51.457430740047826,30.997151177897248,23.287426826916523,1.2180108442255808,1.1474720285128397,13.878919741916237,29.640758010954602,64.43509511841631,8.777497070227248,22.997519102218696,74.25692447535032,11.71407986602734,34.67768376570626,54.10825858532593,12.206333993510805,26.018561935646105,68.73713584598774,19.19814421014167,39.44653641444608,54.199722185072076,14.09637360673992,32.114881510771745,61.953610292976315,15.835804929389449,35.135268180651686,58.67100612111449
2017,41285.0,9742.0,5059.0,6.323654055671636,53.141806062408264,29.545902893935818,8.036347806022913,27.946230067496817,16.992787468546055,2.6758449274656075,2.1936334689254333,46.43494947411007,UFRJ,8.4448858075673,22.932798120368854,11.303884387840199,7.015231579700728,47.25280093305527,40.602633647328716,7.953839161602288,24.844667583180325,10.44080319727586,4.597623478895312,29.369500810997327,63.249801857922876,1.9076418791928895,20.059361894231305,75.803076845115,4.102030541851986,27.37434277540499,63.07150856316007,4.206891959363146,28.165870106987242,67.52872631344128,5.980899421008202,36.862758092611585,54.561325556676564,5.39869853270011,31.973450135923535,60.180412261774606,5.2607404509308315,33.5643247520491,58.28544928536029
2018,41258.0,10074.0,5046.0,13.760560722468997,51.33205834853262,39.06323866226086,14.549222473525486,52.048826877830415,38.76164321267938,10.796790058680688,3.1244911631745698,21.53739259270308,UFRJ,15.959737490934202,57.18763905048401,24.53927571953312,14.354846760343655,50.84876543863002,39.69358358409855,14.90784628935616,58.47553474132044,26.507157441557954,13.02077000643793,37.6109516605684,55.82416139468362,9.114456987727452,23.189780873891756,72.90456097386327,10.968913977402933,37.16191510607841,56.26187055738358,13.995116794713782,38.1956068937877,58.19901597971,15.032236669619179,47.2570529186243,45.05026361638461,12.922963372342727,39.486457801617505,54.184554427491776,13.492782767927883,42.95778097052811,50.25215575837735
2019,41644.0,10122.0,4907.0,13.285056377782514,46.434827766902444,45.02938991455873,13.213011501575176,38.530370533633835,51.37351120015748,9.641915241460856,2.059949318311514,25.961242916146382,UFRJ,14.221630680183377,55.5681127468747,34.87534175179207,13.118376012110314,49.343929423388104,41.86924818700898,13.20084292841588,56.56949170127693,34.630329483255316,12.60751971479313,29.901671737759624,62.00552014456519,7.010769089843328,21.071767255438253,75.02915671908383,9.457848571000993,32.77957035902443,60.79156592213032,13.106455042887184,40.00384413122448,54.726356370715116,14.694142196539527,43.260272562524,47.95900846024354,11.770533062247173,35.39391513519204,56.808215114198646,12.761911435595863,38.815222902706374,53.20109267268046
2020,41351.0,9739.0,4917.0,14.761117098433537,46.82757578790701,47.57736502280085,12.946625103808792,38.4129270312425,55.0736437276366,12.437296652345935,4.377161374573771,10.275446784841963,UFRJ,17.1253892109399,52.6138072292641,40.332868364195086,15.3585714083337,50.30839656106214,43.98680346581553,15.572112918501055,55.622521805313795,38.24674371290789,12.351781603235795,31.525188757174302,63.216047349899405,4.693141743495443,25.178380800965826,72.06651787201262,7.299116604116889,35.285223526291716,59.28044240323234,16.19667124026875,37.0359178031387,59.21208902542272,17.495101804884243,45.34737059103059,48.90102997813626,11.464051937515398,36.03746720296723,59.21022171598661,13.673859042168074,40.43322501456079,54.32663578858258
2021,42078.0,9496.0,3740.0,11.156929665353204,58.65412717069914,37.8195905090805,9.758850629021603,51.453525481427256,43.890606993275384,13.131551259251076,6.351299966728456,11.77812633680308,UFRJ,11.851289129108387,65.20453797756922,30.818896819584296,11.343415007135397,60.13204419240985,36.13646228960622,11.78371250443269,63.59578514934024,32.483100012465634,9.722062526916742,49.295719963624904,46.78735585654948,6.083605443217871,38.87643162436883,58.414074944111796,8.581660252351329,60.124873410244426,36.35836491396341,11.065078266226898,55.278725670259405,41.084107185175064,11.622191877928218,59.247881616269716,36.962149188093775,9.85147455624456,50.4680728919004,45.640323069519496,10.456068285204381,54.58914172443445,41.76702537747446
2022,43255.0,9526.0,4549.0,12.14811598109964,47.49778014896519,46.3533722248465,12.036540408232524,43.50039870698968,49.625987568373056,6.608423448268552,2.023518037851641,15.325395907987517,UFRJ,11.802923753936772,53.47889724118915,40.32967002949359,11.584475192826115,48.80349199811758,45.04301556456995,11.104749555438808,51.27774524837308,42.875732219771244,12.116291616995175,40.8972962321717,52.33863794495245,9.211990132088125,28.48995864251558,67.11836108939136,9.776289015039142,40.27932576687708,55.32893270058378,12.513797670898072,49.02553595764348,44.96265116608478,11.88552021705311,47.63128920309833,45.61121437546527,12.114351308544359,41.455821991323965,51.968247493522504,11.753659309980176,44.868970658672104,48.86329674071799
2023,44684.0,9457.0,4616.0,8.586580160830712,47.4796153897988,46.188513474520875,9.26632775262841,45.18380146591807,48.65620023008342,8.988857959227078,10.434176455571137,10.29227463969206,UFRJ,9.46170743230994,51.77583978159938,41.395992409936895,8.793239111776764,48.11099151011478,45.22043625332832,8.764930198312744,51.58779552542452,42.66907354485297,8.882075750612474,43.23232468123956,50.674090595107565,4.416381113163669,30.12440083653912,67.01464776239719,7.273254764954373,42.76962632547153,53.51910650037007,9.204381771001124,47.93164880709824,45.10344331276452,9.159006248880882,47.9549159081847,44.57529225140807,8.452034887903581,45.24110708756593,49.04014797474188,8.723903278201824,45.586977844575415,48.100430417094046
