NU_ANO_CENSO,QT_MAT,QT_ING,QT_CONC,EVASAO_PUBLICA,RETENCAO_PUBLICA,SUCESSO_PUBLICA,EVASAO_PRIVADA,RETENCAO_PRIVADA,SUCESSO_PRIVADA,EVASAO_NAO INFORMADA,RETENCAO_NAO INFORMADA,SUCESSO_NAO INFORMADA,CENTRO,EVASAO_ETNICO,RETENCAO_ETNICO,SUCESSO_ETNICO,EVASAO_REDE PUBLICA,RETENCAO_REDE PUBLICA,SUCESSO_REDE PUBLICA,EVASAO_SOCIAL,RETENCAO_SOCIAL,SUCESSO_SOCIAL,EVASAO_BRANCA,RETENCAO_BRANCA,SUCESSO_BRANCA,EVASAO_PRETA,RETENCAO_PRETA,SUCESSO_PRETA,EVASAO_PARDA,RETENCAO_PARDA,SUCESSO_PARDA,EVASAO_MASCULINO,RETENCAO_MASCULINO,SUCESSO_MASCULINO,EVASAO_FEMININO,RETENCAO_FEMININO,SUCESSO_FEMININO,EVASAO,RETENCAO,SUCESSO
2009,2999.0,722.0,401.0,,,,,,,,,,CCMN,,,,,,,,,,,,,,,,,,,,,,,,,,,
2010,3152.0,918.0,361.0,,,,,,,,,,CCMN,,,,,,,,,,19.243204383704906,,,17.338113275613274,,,15.164755614942635,,,20.872519595300076,,,24.621827739039702,,,21.70216272807781,,
2011,3122.0,1059.0,430.0,81.55028827674568,,,,,,25.669078240765415,,,CCMN,,,,81.55028827674568,,,81.55028827674568,,,18.453470416699943,,,18.254706740693287,,,21.05108951153695,,,27.569580732538462,,,26.13342882207127,,,26.88853649700075,,
2012,3045.0,1012.0,300.0,69.00698071262721,,,,,,20.961423308521034,,,CCMN,,,,53.25074782652971,,,,,,16.19506127640975,14.58128078817734,,24.595013807095736,14.58128078817734,,20.253038471195076,14.58128078817734,,24.52047991671035,14.58128078817734,,26.53208177808735,14.58128078817734,,24.85353653172933,14.58128078817734,
2013,3387.0,1142.0,289.0,59.280787350409874,,,,,,2.1920029920025517,15.073352691697343,0.09286845425020802,CCMN,52.05196338943018,,,25.45645312287893,,,37.31916149985238,,,12.650365944924639,24.71487547120466,17.076266880782267,16.861942887577232,20.6967818128137,8.325952170062001,15.931772605242056,23.863418017536706,22.743824426729653,19.950574411638247,28.982042653777093,10.332364368389015,17.981338635131856,26.402849478263605,14.468252604637247,18.78857006326819,26.60459036320813,12.666821316308754
2014,3364.0,1148.0,274.0,33.70819948517324,15.190249702734839,,9.670086471070794,,,34.00722571546125,32.83628895076624,16.577320282750087,CCMN,54.11674064769534,,,36.65092187138696,15.190249702734839,,47.183365820826104,,,24.222239571298772,40.04436319112661,52.25044580263332,24.36367586040594,43.89179983710305,38.66605798086179,21.267070782598772,48.227054212851165,44.84640835403355,28.72910936796583,54.0479337082547,37.544202701904545,25.26560262992864,53.410780180841485,36.23006119321576,27.435256322124737,51.94747069061341,38.38703903028845
2015,3345.0,1081.0,245.0,32.18667917802666,19.997657093532798,11.243445559589057,29.721732609220602,,,15.175268729806296,53.81603504285668,41.16530697542868,CCMN,38.45132206226904,,,35.48764683296026,26.183358246138514,5.414525351745082,42.82400847013118,,0.6352765321375187,15.103412275959935,49.11225391080095,45.140935504255495,23.20764907170383,42.03500933966795,46.21383979600809,22.3001184945727,65.57370185578063,29.978435680948586,27.00608277873354,62.61208343463309,30.58503210934677,23.477268950367517,61.23299799449593,32.064539706818145,25.94781174430783,63.384080980293966,29.81130719495771
2016,3204.0,1066.0,311.0,35.734592985881754,61.14888611026274,18.560996990002064,31.201185503705357,14.11347561868285,0.30661497072321564,17.396350145000472,28.47500841711724,54.215649622952995,CCMN,47.04338215006302,14.513108614232209,,38.58552455184856,72.97868919123601,19.997617689565253,44.65280067705438,14.513108614232209,,20.928831434268712,47.05458049059286,48.27059699461551,27.066478596101977,61.464194682242436,24.85825010403662,29.10544708987486,45.576987770402255,48.228634661218926,30.758891508222128,55.01747268206321,38.664202073274126,29.528386445866197,55.00125514049958,37.561567718207186,30.194550427541163,55.067899606653185,38.49973985967999
2017,3597.0,1118.0,305.0,16.815335445896025,77.23020884398213,13.351242114083256,17.075252181198277,43.88626450545531,11.484514796953526,9.234156948939793,3.737912046436258,38.06048691369792,CCMN,21.89906745117416,38.46062194686048,5.908296596369991,18.60530119075245,75.40902829868949,19.562728297661227,19.64172707862751,47.99833194328607,3.7855620424427756,7.363838219032355,46.43369377860021,46.911190354914005,9.773145490409876,44.14834536735429,34.69776011600081,14.554026052372217,62.928136945105365,33.92527177415121,14.641660988964682,58.06115760307129,35.112496714351806,15.411694860838796,61.098267547830524,33.12539939761271,14.375269282376804,59.30333160018205,33.978341860086886
2018,3601.0,1093.0,321.0,24.9377345082732,65.03648368092396,25.944218649923556,23.773495223444485,73.45182141312358,20.569198662939407,14.912139558756898,4.054429325187448,6.026103860038878,CCMN,30.003379690343216,79.26092348516674,10.333359441940392,26.15355623779155,67.90440336776061,22.778382312977968,27.877220656610163,77.70492965587927,11.185607325930665,17.9209229386206,42.67229593699895,49.02337327327254,20.990034376649746,59.57685636933232,35.82333831431304,24.287416238363324,64.22112828824311,29.04914067173029,24.07574236566439,62.1729388844374,28.915751615104366,20.869060052464622,56.332835745377324,36.420570869023095,23.09325433462001,60.8721154547334,30.58119702335296
2019,3709.0,1096.0,285.0,21.954806801603688,71.5124538787344,20.784328031874384,20.21545970276403,61.56295635700974,29.032471783525867,4.237531086848327,1.7925396095348358,30.129414936640604,CCMN,24.86931439114523,78.5485729888919,13.684436889613487,21.89472668825202,73.23859617529804,18.54088978174227,22.815794976877783,81.48852607315862,12.98320876063617,12.653037520453532,43.86599683505004,49.59203851335832,15.26973814541979,62.12833326913942,30.852366829719212,22.55678935895116,61.663331060787655,30.671557905278156,20.625423572158336,62.883057939990806,28.343005509492656,19.949383787026438,52.431313238936916,38.64703015147879,20.010578150067627,60.11704327174269,30.704313564436795
2020,3708.0,1086.0,339.0,24.60754312904221,61.03315230544953,31.451150131724393,21.576530254351006,56.18869725578853,35.84968813397352,15.385962024311539,,12.486515641855448,CCMN,30.073117388211053,69.42426930138774,20.125458296127686,25.344403083465526,64.76415042112723,27.13900415831078,24.122098499668525,77.38389922573653,16.865793390094634,13.226786943344226,41.229431611237935,53.384311535652316,13.607560557782369,63.06111251666173,32.8809331175836,25.67076232851976,56.17343585452213,35.593288032082405,24.805490383034876,60.605974355160164,32.20649962383982,18.658948465970642,44.03592905137775,50.9232303167529,22.934435503166448,56.09457378777127,36.6422530441639
2021,3755.0,1071.0,204.0,21.123252681262972,79.62268943714744,17.190412568835093,18.714656216595934,72.91749858795718,22.87876293517789,8.46796190937336,12.03728362183755,2.0239680426098534,CCMN,23.49071216147129,85.04967230330743,11.512224389681895,21.953758821180706,81.23932231063023,15.590997818334548,23.596508275189496,82.28315087367952,14.304768348976072,14.206700846152499,65.78906220414005,31.759517417210827,17.621886094093025,74.77863550636133,16.709435038995622,21.35437499510678,75.64057147715589,20.76704378715485,20.76826687793456,74.84772038738613,21.965301691821967,20.481739534066573,75.68052167685916,20.571073725367693,19.755687828318056,75.74107318982541,20.856188528534297
2022,3846.0,1016.0,211.0,22.047114438127675,76.91311517999534,17.969354474292523,18.317664181629613,72.68564742502252,22.35392328695463,8.976859074362974,9.263461447548812,10.920436817472696,CCMN,22.81048797556312,80.66554797573777,14.497552788494161,20.912744687989274,79.7970811631837,15.697308033562742,19.145930246083495,83.18729139410729,13.147801117299208,15.714701126118712,63.25002894592301,31.36438589678818,19.729310615467536,73.6277319041221,22.891735871455058,21.176327600632938,69.84929134869257,24.30346887499694,19.5384722818123,73.96876340753884,20.89032735192535,20.714867172226132,73.27385204138182,21.654282960567677,19.91513004515193,73.90873424396734,21.258071632771095
2009,5212.0,1263.0,549.0,,,,,,,,,,CT,,,,,,,,,,,,,,,,,,,,,,,,,,,
2010,5364.0,1162.0,557.0,,,,,,,,,,CT,,,,,,,,,,8.094161790294907,,,7.054436987322894,,,10.060695419458808,,,9.598297908991732,,,10.772310435783822,,,9.667936184712927,,
2011,5479.0,1163.0,567.0,55.24730790290199,,,,,,9.971775298460166,,,CT,,,,55.24730790290199,,,55.24730790290199,,,3.4245578936214165,,,13.636134504906178,,,5.942319819047264,,,10.494739129899216,,,10.936287553084751,,,10.289010375862306,,
2012,5595.0,1066.0,678.0,32.29331520255665,,,,,,6.8271139974229875,,,CT,,,,28.643457901855626,,,,,,3.977206802699968,,,11.091611099653996,,,4.578895177094674,,,7.726151805291806,,,6.149004141100804,,,7.73715048659321,,
2013,6207.0,1368.0,520.0,52.092190553749035,,,92.60512324794587,,,,,,CT,58.69179958111809,,,12.357337717201817,,,52.81134203318834,,,2.174467950169503,,,7.447697300283091,,,4.294523429834994,,,5.129217620087082,,,3.47943213012141,,,4.191050339911037,,
2014,6437.0,1311.0,807.0,16.268254643618732,,,0.3868261612552431,,,18.263679169614235,,,CT,29.314209889466103,,,18.14637330431802,,,27.34538422160557,,,5.077168343156516,17.97354220653601,77.64882378075636,14.354292194844295,7.312412614572006,61.83392884884263,5.652010784002886,22.275772594960426,74.46410364138156,10.442665147945483,29.73642964657415,65.09656954567663,8.323381030408646,29.557477577259256,63.4340669203429,9.697889324927345,29.108386641859425,65.26115494950918
2015,6301.0,1254.0,876.0,15.20280783415584,,,15.802615773852132,,,3.1685111976792855,38.07166416020812,57.81504538183066,CT,19.945934052563153,,,17.017492348851476,,,20.279895110011484,,,2.3297235003954877,19.829026485795726,77.89072034318909,11.375120409400681,36.51507403292834,56.20536422790033,8.38259529375995,16.086757303611872,72.92655395178805,11.288025884033974,36.774362621190484,58.80226655711651,8.410451845892805,27.788070468334126,66.98723057763668,10.025986876339845,34.72751393278569,60.6186779518316
2016,6035.0,1205.0,884.0,16.26978585337918,51.4516589006773,38.00859019727036,13.666757104744326,,,9.05551295488227,29.644147771852495,66.70663185617363,CT,25.479948055252642,,,18.20511012648316,59.34224002206424,32.42030098487179,21.802776299695875,,3.8824031533227883,6.465117889166309,18.496318065698155,78.7210383712459,16.592958546562524,12.56006628003314,55.36039768019884,12.254520535063302,23.540218414320396,72.45891032469325,13.987487808885778,33.04055989684333,63.52694670535946,10.91713928883053,23.6720214392496,73.79298312341261,12.992283746165509,30.400894179421687,66.01863914556893
2017,6194.0,1257.0,748.0,6.118144350784671,67.35529858070085,16.022371640634727,8.29209807582371,,,1.3293575079174047,,80.73942525024216,CT,8.556164004470865,,,7.182660068794932,61.957530731699535,34.93802147337827,9.306083767926825,,,2.4557012405878798,17.33526653184886,81.41491205869214,9.161557226938836,26.31148423205252,67.81831880314282,4.530628176097463,38.89545206547938,59.469720624870774,5.397500438053131,27.789779525332502,69.83503352988645,5.7707664044733065,26.99331288271912,71.57194482767618,5.279724164028433,25.658283494946815,72.13364783114
2018,6156.0,1379.0,770.0,13.662038981971007,49.362119926770845,46.026133859841366,11.441319375520589,62.606984182243025,37.30085853032392,10.88153246630908,,,CT,19.04410441423379,65.67008838573166,25.623315977171753,15.20943753277761,54.71374740065546,41.46582764452951,18.064030500889707,65.78191380762044,26.376396237507347,6.730091262900267,13.321198492387797,83.95420238874824,18.48680878241646,30.949931412894376,53.33468702620749,14.132813378114227,38.63876455597342,59.89487518996156,12.226979198912565,38.761562077424806,56.54794665076298,12.63196110564893,40.40777488633314,57.054093933190366,11.846670296173022,38.710836190294565,56.965871528510675
2019,6068.0,1365.0,721.0,13.190597176970975,51.45780823812724,42.53139143987772,12.615467500474683,33.7927220150935,58.703371733027616,7.512365573341184,,27.42254449571523,CT,16.311020956260403,69.91321981070888,24.939719416179177,13.408436192408864,57.14214307740482,37.18371478794487,14.501353537427166,69.63254183398148,26.106197076070373,6.374199870277784,14.008227109313726,84.93227911451751,11.81212702554166,52.24088140808295,43.81509558338826,14.0713084850807,55.931941446019295,40.73478374361469,13.462314904455091,38.6797780287953,56.96982421630324,10.783008527288485,36.75869676891148,58.68525439421014,12.372094182764249,38.093545197924634,57.760164594846245
2020,6016.0,1308.0,680.0,14.55882570237803,52.40621186493773,40.906287707117485,10.916068507552524,31.971486277625843,60.254194179448774,3.4073423252279635,,2.8922872340425534,CT,18.48943995625376,60.858652507227504,31.47346023788675,15.508495359287668,56.624486589110006,36.9544628489878,17.74366556109571,65.82720764892619,28.14235202158268,2.406273677290617,20.04184082418266,75.9618460794836,13.578222022245436,23.11461103723404,61.06770833333333,14.97956511345153,42.86941099806577,51.61786610221267,12.686430310232863,36.675084319490395,55.88208934300976,10.04031519726442,30.793388426793747,63.83884047162977,11.732919435890366,36.398097759647,56.48936802016741
2021,6056.0,1262.0,442.0,11.557301203954841,63.895471223778344,34.71833435599527,8.322019754193143,57.60168106712313,40.17187177739326,19.176594169552054,4.920739762219287,16.19881109643329,CT,13.137078399098128,73.55379360384333,24.63805184911355,11.776156820083951,66.71912717854808,31.775025350993573,13.157364065300344,74.53276058573418,23.554286506191907,5.144356047766605,37.92311137031582,61.15845316738838,11.2397098990155,80.84884655195091,13.187422441055203,10.540527393873877,62.699930603090195,36.37977823714866,10.787773026986674,62.73265307603781,35.96081252689222,9.197547272326325,54.96312295050824,43.38396492120926,10.077688142560056,59.80237778804551,38.77728673723272
2022,6192.0,1319.0,510.0,14.745232682777297,58.389667253686255,37.1122576731621,11.383302550151331,47.995471673078484,47.67324921368461,15.93978883949814,,13.404392764857882,CT,15.47927118381136,65.56071527791279,28.639069712228626,14.202731948462295,59.47555053358926,35.641459087828004,13.561517700555136,62.29550022676249,32.13351670343854,9.593276381897528,29.889682606618457,67.48533101964976,17.951488963983564,58.09871966158304,36.57802415069857,13.090351086983071,58.02303646689245,36.77314423721077,13.918234351510742,51.90116030015791,43.426986420549824,12.15959615229253,50.93358535342093,44.30587578777846,12.93985559676165,52.12848009322701,43.45157502660886
2009,5193.0,1205.0,660.0,,,,,,,,,,CCJE,,,,,,,,,,,,,,,,,,,,,,,,,,,
2010,5662.0,1601.0,693.0,,,,,,,,,,CCJE,,,,,,,,,,5.039553139769015,,,4.249381843871424,,,6.461050248069867,,,9.36607432368419,,,8.772606553653608,,,9.10309583978572,,
2011,5914.0,1530.0,703.0,94.20020290835306,,,,,,11.712818941139695,,,CCJE,,,,94.20020290835306,,,94.20020290835306,,,4.859188413358288,,,6.133381892597314,,,6.488614833080793,,,13.870322339916568,,,9.999745839536603,,,12.085389489461432,,
2012,6232.0,1543.0,771.0,59.96871913281297,,,,,,7.06773193695687,,,CCJE,,,,27.68551939553105,,,,,,3.7692288245532204,,,6.983391372167181,,,6.074438997776701,,,11.415146314327144,,,8.797887247808015,,,10.11933902147416,,
2013,6739.0,1708.0,733.0,55.748713363044295,,,97.58124350793886,,,,,,CCJE,94.9992580501558,,,14.941269889869913,,,94.9992580501558,,,1.9631551538043244,8.106703766284335,13.608273311493374,2.3306094912753994,11.055052678438937,8.057575307909186,2.085452510589771,9.032709388845314,12.8548110147754,9.045777653151351,11.311084518614381,10.242471336536216,6.65140135322784,10.647643186906198,10.157725876151547,7.8630401265856085,10.570931709108159,10.56352529483034
2014,7079.0,1657.0,956.0,17.679698745698936,,,,,,20.144079032549243,23.225703546905986,11.48391198327526,CCJE,42.88912444514804,,,18.771624399102954,,,26.745311131241348,,,3.4474347127439455,17.166302857786782,79.06248671780212,7.846729753072457,30.864764326411454,63.926166596035216,2.7946350070277908,14.07202293263682,76.31794108548928,11.779375565190316,34.33835788524139,56.040561522484545,7.920664702932118,24.88657442860224,67.0257929611344,9.69989759682158,29.8017600783165,61.3239307927374
2015,7068.0,1618.0,981.0,12.490892464094665,8.005768637135361,12.739680028517041,14.661862231879672,,,4.898804205268266,37.41496709002272,55.711426958775164,CCJE,17.61309710423077,,,13.23374815824027,22.47827005573186,9.91347809896197,21.457841278777188,,0.7033713315546931,1.6597561660660667,9.515366021987873,87.02472711557787,5.583213960162286,10.961442584957016,86.55458089668616,5.676156362249402,10.813201132678104,86.89155897947512,13.140268326438337,30.36835935841957,60.77199160780681,8.645319430396915,23.762109670059946,67.64292702920844,10.701503917591372,27.155939522055935,63.68977126072756
2016,6877.0,1524.0,998.0,14.313554121974953,28.148526139066444,53.710141038820105,10.141325825977514,,,12.059912106555869,28.498808876825514,61.43595046072564,CCJE,20.07860683080833,,,16.160370617439458,32.307888333876846,49.62348973440554,20.87103600096836,,1.9802320847282384,3.8730015428790576,13.381653861142983,86.24046364011177,8.705564595241183,31.86388268800658,66.49224121813914,11.050267132856673,17.816105306603763,81.71733499810308,14.521963260190335,37.03476452367555,57.31434355461468,9.714315275913458,19.922272758866132,75.15864526552852,12.010986708944246,28.4598853032054,65.86823317217844
2017,7344.0,1613.0,1031.0,3.584098602974035,48.911040356708625,29.63062052673797,5.630929160949547,21.843437179689293,16.623338419439253,,,61.53322440087146,CCJE,4.325300709901062,24.684201963613727,7.422868979241528,3.4916389969735837,43.26422788764247,49.06347812850308,3.337205510994178,24.957648182729884,7.6340385464280125,0.8503752248558002,10.661123461724033,88.08573695674947,1.8369845762215753,25.78780493369155,72.25577731092437,1.3628825239554434,18.303754326431815,80.73535797486731,3.114397553147162,30.00442503961879,63.495665508220014,3.067744561560205,31.87457726100643,63.79314920291279,3.0529286763258026,30.941177431531283,63.67819088522114
2018,7397.0,1657.0,1061.0,9.35325347982541,33.3769309854489,55.234664126836726,9.365698464108766,39.71911168087359,54.60865182020064,8.683935467532498,,13.748817088008652,CCJE,9.719922272707581,31.08467317693916,43.02501682644865,9.516558072244353,29.544267537077243,57.762013213863675,9.63092984590129,40.96196288409747,43.83060700283899,5.490892384895333,7.569088003056868,90.38974374850476,5.317981162176746,21.620320998131152,73.5939697385216,9.660704335276343,14.18037988600398,82.95099030027902,10.634784405637173,33.51155073526837,57.81971663925388,7.2753814119679445,23.421721442552904,70.26949909833945,9.008775796317934,29.98870981462087,62.62481236543972
2019,7355.0,1583.0,908.0,8.96566562477346,45.98618779851578,47.91202247324387,8.91186875795698,33.752630989070894,58.97262739404093,15.81304900124483,,19.714479945615228,CCJE,8.918306273283214,52.09245255376898,40.91668314501422,8.700741066272268,47.40238072988539,46.07147034314289,8.174291094407925,54.59847114472048,37.64539366215565,4.5178574323129395,18.038866715209316,80.44416118387056,5.604148617795186,24.699320834602954,72.55471584839363,8.737738644161219,40.42045094182632,56.288513641850194,10.73287159527466,44.2837117749318,49.05856232839095,6.903014810691546,28.795678455606954,65.66450355601121,8.827583750924834,36.38873134545112,57.37527715135527
2020,7356.0,1568.0,924.0,10.54247651811189,42.28369575077861,51.882196002296574,9.858300944278716,32.036211315512425,62.34035801720012,16.360996535468345,,,CCJE,11.701033547240673,43.59211475710595,47.62776932700499,10.950830251629107,45.80866354994636,48.06768281619657,10.738643116010923,52.26528463093648,40.74458931799878,2.759204157265819,23.110803837990307,75.44701458875268,2.0057898145258966,28.791603614875385,66.61895646591276,11.646165004026317,25.21171147773677,71.77664464809224,12.064827485075435,37.605710256004976,55.7280445690081,8.387119096593526,31.937935784350493,63.77712650190828,10.192992605263223,35.428491487383816,59.17579416880183
2021,7527.0,1568.0,856.0,7.683625928772663,45.85676440786985,51.98762208179028,6.838401116779273,32.30267832629876,63.62845571842783,11.05796908905717,,,CCJE,8.143158031275865,53.586379519293914,44.53867941849582,7.758835947166182,46.62654376234782,51.31081372525426,6.788033999696896,52.57749842848315,45.58812765890814,4.265906825526622,26.06759749930892,72.19054171106781,3.444061997874852,46.44292265920821,51.85795450471581,9.404512667228962,44.38569292029076,53.16270030863075,8.84530705717911,47.21560493578643,50.44261569841123,5.42932530064949,29.592431248780347,67.85668525358918,7.264665187044949,39.16283098286154,58.406742022253184
2022,7687.0,1584.0,1007.0,8.583481786116147,35.31820733851555,59.12748998089159,8.460195639389175,28.753089287610727,65.0323163894123,4.712626712431578,,21.881097957590736,CCJE,7.673406348243282,41.711922521094905,53.47428089109049,8.05144795046907,35.31336763022934,59.28102827412928,8.943162493469138,38.431397209234085,56.264565439646105,6.574088937421292,18.11947421035019,78.57517122556479,5.613357960162433,28.54024826311079,69.10215350178925,9.256722736200361,37.356297136993895,57.253011401836226,8.145952373239364,36.3022030410078,57.30894537983454,8.978183977168678,26.366051934515486,68.78816244420949,8.429969320234878,31.488822101538755,62.72742200002411
2009,2539.0,719.0,306.0,,,,,,,,,,CFCH,,,,,,,,,,,,,,,,,,,,,,,,,,,
2010,3047.0,811.0,348.0,,,,,,,,,,CFCH,,,,,,,,,,13.757298811954497,,,23.19736220458242,,,15.871415117608809,,,20.665535951617834,,,17.686479946236997,,,18.155453712956042,,
2011,3113.0,852.0,476.0,88.98168968840346,,,,,,15.634363374401882,,,CFCH,,,,88.98168968840346,,,88.98168968840346,,,11.971618888206498,,,9.248879144059243,,,10.161710125273181,,,19.501163959884213,,,15.25982785640875,,,16.435023003246645,,
2012,3043.0,814.0,408.0,75.72205791068755,,,,,,12.961387255563665,,,CFCH,,,,46.65566575195231,,,91.4886625041078,,,9.768767114091895,,,11.895701071889972,,,11.35145761706095,,,22.172758417571114,,,14.70276128674428,,,16.283852474286597,,
2013,3742.0,954.0,521.0,48.05621707347926,,,,,,0.14965259219668625,,,CFCH,97.43452699091395,,,20.347759522203805,,,97.43452699091395,,,2.4140325217153915,1.1524585783003742,37.841334240318744,5.220274558863549,0.5611972207375735,34.79422768572956,5.636381295572825,8.188898220966633,30.26647323814614,9.01781676394769,8.465305695628935,29.496801392924887,6.160699250088711,4.544695350080171,32.53681928855633,6.775083147045967,6.9645568589670175,30.578460544888927
2014,3717.0,937.0,682.0,21.299266943786783,,,3.229021449360432,,,22.051394685368408,16.092918664338637,37.17618148504239,CFCH,43.514269486828006,,,24.408256209831492,,,36.823959061146304,,,11.323511780979558,5.898542896655527,84.31366416117861,3.5841760950769634,7.550892296655008,84.69264570959487,8.728700981731162,9.598561747162952,85.17388180826437,15.506365814024948,8.654339300325868,67.84755450643765,12.891771855719199,8.866382395610081,76.31288879124789,13.52083543933545,7.682845192663302,76.34845303593445
2015,3428.0,821.0,641.0,19.817723458024876,13.717482325485621,16.33570501500696,18.429726873201083,,,6.726063819327948,36.70502780105819,59.10002008612811,CFCH,27.385119085711455,,,20.431420886775538,28.231935157642138,12.212808641012362,29.658136721280773,,,4.240394086060011,11.136401174705652,85.10749832949365,5.435636658498695,21.78532280632631,77.25732066455521,6.434648253329004,15.376596962993077,81.66954950008008,16.47795315935498,20.79473723896934,74.49462485298159,13.562963120154288,17.38198786679056,78.88118778623739,13.677504978866603,18.176681624048257,78.2351004207772
2016,3385.0,953.0,581.0,17.942751363926494,34.360748149489964,30.82537898772503,24.031321396641488,,,5.693654645740677,21.846021311958136,73.22796720854762,CFCH,19.285895388510795,,,19.59629058250504,40.06928545255091,37.09365681810036,22.5243202648697,,1.3310356146397506,10.297934010041029,12.744784135642568,85.72907955319741,11.001151414626927,20.651056566055992,72.38657944714075,12.04758082684869,12.969690729711381,83.2290467651074,21.26034855016727,29.22644765793901,61.0051005894384,15.015658080782307,22.99657810619438,71.302298950036,14.865531753687765,22.714150557383743,70.59983870281198
2017,3716.0,714.0,504.0,5.70934191874023,50.17525396566252,35.69769084445186,7.707035751114232,30.49615455666229,29.557350160617514,7.025322986508321,,39.69321851453176,CFCH,7.479158907658149,22.96436816610957,20.200932902762826,6.52516778537252,41.07704521830289,44.321188198270235,5.622315194342958,24.650860442033746,18.205699933364087,2.7833692665336502,15.054042294659519,82.41338815379619,0.510774815846683,8.041111203113356,90.20371597066969,5.5051630199494905,14.740235913468092,82.67296470454932,6.39529067642891,33.97029320141068,59.57602845999266,5.687436887728952,24.475379985291983,71.62389660377741,5.425040598406566,26.785649493291135,68.01605736929739
2018,3648.0,750.0,493.0,10.173540635717442,44.76288592233372,42.74847017903242,12.403412151713814,47.18764847342494,45.675483140229666,11.845281419244952,0.7037451678587671,47.64182248384118,CFCH,9.78001078409955,54.848934245809,27.4348273051055,9.374219485941245,42.42526101705474,44.13483480707538,8.86905101315147,49.971276240660885,29.861485652368764,7.395146943284375,18.479600677954192,75.93420738023707,4.752702160429697,38.876463050509024,55.288197958839405,10.240082395298307,32.57802105810649,61.93971591456435,14.257858474867287,47.82712270425536,44.989781551896016,10.37044282454411,38.19041002617964,53.97731767770323,10.855972532220958,40.68322914678032,51.55191742606257
2019,3853.0,736.0,500.0,9.766677955213332,34.09894449881216,54.316395535168006,9.836904646581608,37.4830830811202,49.04406002136581,4.2560967370783125,,22.813392161951725,CFCH,9.784788254044544,42.89929386799449,24.99563059366505,9.980975044552032,38.55154052649062,50.25504273837413,9.627060964894842,38.59510149150134,27.79064306263088,6.052239984525657,20.685892158584863,78.34936632472794,7.4949433089586925,19.275520959868178,77.21924929765369,7.530967149671764,27.91794718023898,68.91342190296568,12.290986389514405,44.82582047396479,50.715598126661604,8.802903227233719,32.41391276070182,64.24266097920827,8.735235277694546,34.528104706558736,61.73592716487308
2020,3952.0,993.0,493.0,16.62461737231279,43.47492464685,40.92610824915703,16.506795940308503,40.578373530119514,49.49700884078566,18.64974595863686,22.69736842105263,1.6953441295546559,CFCH,16.91562112313695,37.49850953835711,46.611015610283424,17.10814495556526,43.82721573484825,40.853761241283905,16.182490601348544,46.429386829994115,38.00109865393266,9.096499288970016,24.36862229638788,68.10808229068871,8.307866580336588,28.642488260244956,58.136221615912696,18.832964284866463,30.49929287097904,60.583990277625105,24.488956765497786,45.40533608221908,45.40861250033076,15.11896695761769,37.924524145745686,53.33110557221649,16.30637889888128,39.30654421960672,51.9585574663763
2021,3983.0,850.0,381.0,11.33542686917199,41.86739224102033,27.524065206990112,8.973881118031086,37.29266313123085,58.88390336323177,8.133137261934651,,,CFCH,12.08249806043776,44.52663963000832,24.4315563613291,11.781255154675993,43.72622586405215,25.388246949517345,13.642109513558363,46.600609615627654,22.222268203573528,6.7323218311876225,31.492811658345392,58.71806454192136,8.527070910425143,48.13981134950518,46.85117306151438,11.091359453497443,33.56058319152785,49.67467653478946,11.512205759958963,55.113350798648604,41.70537344348074,9.788046483157116,36.45566746465568,50.77723477779452,10.090978741200965,38.48581641277634,58.09931093056554
2022,4092.0,866.0,476.0,10.98008728757271,34.088504458174114,56.12046476126304,12.230522802214715,30.843409646472217,60.82717464227057,5.319322254806126,,,CFCH,10.285210607947494,38.20757682116088,31.621773706494242,10.22516759417809,36.128305066516106,41.99833831134073,8.937089299118917,34.65405371090893,45.04201791056539,9.18738273396625,16.38146953781819,76.35137586347865,5.771432947970419,26.82847397405274,57.801778048973006,13.099007126268965,43.830671394361815,48.895846168302796,12.439316402789187,29.378289552321345,61.25354153744064,11.349576135122946,31.984907831777754,61.026435669960534,11.169217631083692,31.672158421555658,61.25021978649417
2009,6092.0,1498.0,940.0,,,,,,,,,,CCS,,,,,,,,,,,,,,,,,,,,,,,,,,,
2010,6695.0,1671.0,941.0,,,,,,,,,,CCS,,,,,,,,,,3.5928310080007364,,,3.8414505437744904,,,5.630120367691651,,,8.235751073844103,,,6.599371686416599,,,7.5322170193829425,,
2011,6861.0,1708.0,1007.0,92.42092989360151,,,,,,10.361815685695358,,,CCS,,,,92.42092989360151,,,92.42092989360151,,,5.270225624404619,,,3.9503053303884084,,,3.6253424051048757,,,14.929767083679753,,,9.994100238062112,,,11.037854985059152,,
2012,6966.0,1705.0,949.0,49.2912679242321,,,,,,7.75464350182555,,,CCS,,,,28.38289730839519,,,99.00947459086994,,,5.063924107461823,,,12.1375912771937,,,6.723453696741238,,,13.451953183753014,,,9.423091307500028,,,10.330732050352045,,
2013,7975.0,2092.0,1029.0,48.014709442853366,,,94.44514106583073,,,0.32546210077740295,,,CCS,87.07210031347962,,,14.209012394354863,,,90.42006269592477,,,3.9045113794213555,4.35173813467574,38.13326618814642,2.8248214260384645,10.220062695924765,26.879982086878638,4.2478259966606355,7.230962771733563,34.85789918893367,10.047086900764791,12.017514062728457,28.12093630961554,7.679881193568098,15.040479195459998,25.792683686098275,8.31592187909517,14.133336898738861,26.076102149941672
2014,8014.0,2111.0,1112.0,21.89931448198999,,,1.3713501372597954,,,24.645503610019198,19.274350666529596,32.58632873038582,CCS,39.540375252469225,,,23.85907738970975,,,31.474605611850727,,,9.488173251392748,10.080470609175263,71.18400047957297,11.255306394139373,20.459207352046203,59.31598868646535,9.34758830582706,13.66423319877782,66.92872754618281,18.1045548943291,24.32987274196496,51.342195877821894,13.190393023459697,22.273416799248473,55.04146995057295,14.783470551681159,22.26767611040079,54.422390562923106
2015,8082.0,2036.0,1072.0,15.622550388316972,2.8968761210836353,28.790090685197573,14.153652929311681,,,6.118482873728393,37.6723764935997,42.87565742774556,CCS,21.703931237731915,,,16.95387952803389,18.29995320427808,22.978585093406817,21.5759264492143,,1.7500309329373918,1.6190326029265498,15.604282023626054,81.71827423854998,7.014279856905631,31.221478499503736,34.18323297313646,4.906323969542098,13.325328209687704,78.51028580427244,17.27234311736444,44.42008566151492,43.343138110186956,10.509788290617193,22.598698316595463,71.41732456009578,12.343605133289163,28.94783479312287,64.7980529770449
2016,8072.0,1959.0,1156.0,14.476110103946821,25.733004608621545,26.126974361141713,13.039902096275712,,,8.544566037341735,14.422706921883611,82.11464575619362,CCS,17.502715787942964,,,14.570544777699265,34.31852475850715,33.2478681376469,17.03343054119195,,0.27912846878097125,6.165472380432912,12.6839527912006,84.52886075977723,7.414423595794675,32.9057722328419,57.88842723183655,6.659349874926141,14.415907225197081,75.56853907586387,17.63506493188299,32.49347039335619,62.105860612385854,10.453716201075208,24.73562179161127,69.41968189390518,12.558490793047595,25.069811059723147,68.27500516847553
2017,8769.0,2103.0,1189.0,5.875672582915237,37.5467179862267,50.22839808613352,4.9948507223249425,29.286134861424095,27.287682843378754,1.7404055076244205,4.867673611809874,37.79592884023264,CCS,7.3523696714768025,14.775960346829768,23.338110119471565,6.489372223993931,28.543967181608135,58.905362502549046,7.8226599010837745,20.68317017288536,21.58855057589235,0.8637133309018719,10.835384737617165,86.79345742582251,1.9835047262595562,12.404601708399177,70.3241396912283,3.1770954125991175,8.03557892965134,90.00999585574924,5.585857575466507,28.690347967412286,62.73923351842863,4.072309585976103,21.876688151641257,71.26413601771765,4.232128548847706,24.260684270188467,68.12432612294334
2018,8852.0,2148.0,1172.0,11.154648637355233,47.25007258307697,38.804649780091516,12.149149394618565,37.4127872431093,41.82458500886212,10.444064019527191,8.450067781292363,25.97153185720741,CCS,13.105603514705553,48.440081648509974,24.922198152282693,11.627437672234738,44.15635718455143,45.247686255180724,10.672132577702525,48.27393586653792,27.762324408545144,6.806466702345107,16.788934730485522,80.12866803909945,8.330663510357697,21.248661123568116,73.65659066241152,11.617336301071468,31.844601767564953,64.81164884280096,13.599580192880504,43.39378439492805,47.33116568604904,11.324176287759942,27.28145808594054,65.13942381585379,11.433994228214754,34.26167003738018,57.84319894014434
2019,8964.0,2065.0,1250.0,10.27526827810509,34.042293123070316,57.880999685889414,10.341636653614145,32.14738154075184,60.081858871167455,9.075375680021576,4.979473449352968,33.09683177153057,CCS,11.088279032310234,41.27176872240471,50.193371112925675,10.168473630962017,36.56644369784868,55.61376580114737,10.30796944011606,40.290130923878614,51.647735229640254,3.402465137267627,12.32926382280971,85.25470127181349,6.355709874029434,23.378802140534493,71.83217512926701,10.13092218306198,23.544828436853027,73.85453285993059,12.943218914581992,36.236386900881605,54.556017367210565,9.034849228664905,26.0320950803669,67.52305318470482,10.121884755046734,29.42519822861995,63.32715245495825
2020,8968.0,1966.0,1172.0,10.110155067672855,37.941083945395235,56.46496585339056,8.457513448643226,33.50264112346195,60.39768955900247,11.096010214969127,9.199375557537913,23.037466547725245,CCS,11.32676964302687,43.827628495109536,50.873681523848646,10.700798654732532,40.84585978492038,53.83490132495024,10.56850702412728,41.54880775161454,52.83411987860903,2.3178407714874165,23.12344889037278,74.19165838453767,1.8388369304414451,38.25094914384806,59.933591720500736,10.625492012800581,29.636250734976187,67.3177286520914,13.471785374036843,42.999291575809195,51.53295763761604,7.742047239699656,30.52587378588516,64.48026350798689,9.348388877570972,34.51700206020242,60.51947823799595
2021,9157.0,2003.0,922.0,8.978183802601576,53.78540238841477,42.65421615312858,7.15054650692793,49.508533158876546,47.28946647472396,10.64213170252266,16.703068690619197,22.594736267336465,CCS,8.901520227390886,58.5050149416816,37.186214313999955,9.169023450968927,54.57661730192017,41.76717998758402,8.410135148572842,58.44667806727143,38.1936025294112,3.422344968351593,36.73779051735697,61.50133714642069,6.588340841857773,46.906696694027566,50.772781253050184,8.470486033578275,50.60209748931297,46.43303153724558,9.850504969417813,55.13881008464544,40.55005744460812,7.493026093863735,48.23521135805946,48.77721722906749,8.197700552231206,51.55380161593585,45.325575369438674
2022,9668.0,2079.0,1159.0,7.30218948000571,35.68394072345856,58.300027669405516,9.838141551245414,41.42735174975354,52.83429226231961,5.994575460855974,5.368225072403806,38.23955316508068,CCS,6.923739491347728,39.62363324584631,54.51975190393894,6.989434088607509,37.05442084286552,56.89676756541609,5.929212458077063,35.44095871460082,58.924564207149764,5.803649880831624,22.410580955285653,74.07828003349726,5.252371322415052,29.894932057231443,67.50512426695846,8.646984307051628,39.62282646970258,54.858809272398304,8.129821705028712,45.22909374539463,48.87909045337633,8.613444669898872,33.31501219904568,60.699004142408135,8.01508244725571,37.901524676923266,56.1859784488504
2009,6125.0,1684.0,775.0,,,,,,,,,,CLA,,,,,,,,,,,,,,,,,,,,,,,,,,,
2010,5643.0,1082.0,524.0,,,,,,,,,,CLA,,,,,,,,,,10.53268213014585,,,12.071503460154478,,,13.254191962543976,,,14.484587160132916,,,15.22098874944031,,,14.43925752375159,,
2011,5536.0,1290.0,649.0,36.50650289017341,,,,,,17.622838913355153,,,CLA,,,,11.777456647398845,,,11.777456647398845,,,11.420247194491965,,,12.956130678144724,,,11.63178374199585,,,22.253405651777175,,,16.33384441341198,,,17.78070245461354,,
2012,5266.0,856.0,716.0,29.204349039273897,,,,,,9.46494538727912,,,CLA,,,,16.431323003945216,,,82.89023927079377,,,7.38383435817223,,,14.41207402764412,,,8.510758461826745,,,11.243734523573224,,,10.239515862961174,,,10.382353168355307,,
2013,5485.0,1116.0,702.0,39.46251717527185,,,83.91978122151322,,,1.292633624858766,,,CLA,33.1996353691887,,,11.491064066526791,,,31.267092069279855,,,4.611259841590129,22.466638859474678,31.39555285685419,3.777105604817546,23.03225303459195,15.327408082649649,4.636578190540251,19.79707072332234,33.231968274812395,7.661496127910653,28.400733005029682,25.550316150179672,6.551393952441182,31.73381569598787,20.3052220428811,6.650170901475296,31.96162957301915,21.47277571511988
2014,5405.0,859.0,773.0,9.61983452951233,,,2.3913530356882027,,,17.306857319885985,20.367453403502704,44.15756602649704,CLA,10.144935442807782,,,9.234332906359612,,,10.121536496189595,,,5.356408751838758,14.060279213213759,68.40679481857013,10.541232838689096,32.83151589904596,37.86308973172988,6.524574010991682,24.218295775203494,51.01150424627712,9.127924274911587,30.93984163937264,53.19897524220844,8.468185520028706,29.57243520045622,53.54923075110367,8.278175837076983,30.00914847252374,60.208229205708754
2015,5292.0,866.0,697.0,11.21182288768694,20.972952312238025,27.436696900982614,15.837524938625084,,,6.772374107706771,44.208558317284215,50.441354216148675,CLA,13.4794946386381,,,11.719353486662648,33.81241018996121,21.395367670877874,13.121938739772576,,0.6208832739444984,4.836408456770627,26.029229779273635,69.46737353610514,5.117945326278659,38.338792307046276,46.41124968505921,4.075952711582235,26.743852016817375,68.63701386843448,10.056831187555783,45.89227660510261,46.684763855068475,8.789364120237718,42.19870982046248,49.95768674643315,9.19180383268581,42.615115814268506,51.42286752576921
2016,5328.0,868.0,709.0,12.706690942086267,65.38823597279311,25.57135595344629,12.609348475550293,,,8.881166081558785,5.893336396727562,77.96566343219487,CLA,14.586507311824338,,,14.013102320322805,56.85439586316779,25.791002331180906,14.00416905720948,,,5.552741087238068,14.796499705790042,81.22323568869622,7.750305013236047,25.713291416416414,56.64977477477478,7.552924999251752,19.22667492979993,75.32205907205908,13.684739469778798,27.418112121541693,61.941082722332716,10.052765741963864,23.83301100904017,68.84336183242448,10.402251945836843,25.393355592562987,69.61793085227463
2017,5755.0,866.0,716.0,2.80525075733833,51.811352499255165,41.241306672661146,6.414452240113,49.39205564864513,21.664013264057765,3.1863202151646983,0.43440486533449174,30.44309296264118,CLA,4.178789161412967,36.02240287948368,6.857804807413842,2.319532411500359,47.756915307501934,42.7834181457118,2.24554577619965,37.121343759050106,13.443382565884736,1.0489796399746827,17.99657794928259,77.36851168910248,2.225394067270696,34.08299722287559,50.287293939770045,2.199142010610299,36.11312351234261,53.42050072719056,3.0804846646792674,35.89312177782362,58.401869779580515,2.7591254447455262,24.269768560132142,68.29143855508802,2.7332466705255407,29.49148752399537,65.43883222095559
2018,5909.0,1038.0,707.0,7.913869844083351,35.46544483752208,40.13851761188444,10.014499588677092,33.313873522908786,58.973523501262946,9.968257571913012,,19.597224572685732,CLA,9.25018838540232,48.14353167270701,15.053152473264365,8.525297047726198,34.15310446960481,34.57532632167767,9.477050281043653,50.393014940882466,12.506725941740328,5.166194510588506,11.075943609653503,81.75008427362894,7.67697942470949,36.963989343811384,40.34128730185592,8.652586736138794,23.397827688146812,65.36200061341172,8.981501699660981,26.64588683759826,64.84402525606622,7.482027892657143,20.599464121885585,71.08228959984889,7.903230957445937,22.736552174082348,70.2927934258975
2019,6190.0,1374.0,682.0,10.019679779409225,26.422120488368144,49.839992846607075,12.093490978975401,31.921591283808898,57.34957078301731,9.556139949041212,0.420032310177706,23.24717285945073,CLA,9.789961205275437,37.85764871305436,33.015181702833154,9.33835257644794,31.459222519072817,43.789325592268625,9.136192442451467,39.72706010747639,30.149842528679365,5.699613982734577,14.279970849459175,76.85666985425084,4.629242188952751,15.00098608983908,56.95476575121163,11.528980645486513,25.390820275193924,59.08199063335431,12.003901721203924,22.773647017566674,58.52091685278378,9.826119858758572,25.078303012534278,60.75919205716706,10.226074855934337,24.25408528299306,65.55121875439124
2020,6347.0,1519.0,736.0,13.927283530510314,22.123556812557908,56.87204895159432,11.512558010762197,22.804879683610928,60.93059642869388,12.476054747206472,0.7720182763510319,23.302347565779108,CLA,18.997319449962397,29.632503705057104,45.72834905300046,15.339200082816035,25.72882552743919,53.19385629329946,15.9586231366654,27.42205656164202,34.576915411260494,5.379326618970596,11.335551586693859,68.6854557133429,9.249808647887773,10.930451790495221,66.56390595732017,17.272796563813454,21.29446486921324,60.74168427821036,19.760552244258307,26.185264442065886,56.11719409462334,9.483082072537664,17.98363853714331,66.06112774502314,12.572626114386559,19.691351198429363,67.21224914412828
2021,6452.0,1451.0,489.0,12.01909809916431,36.67103328747006,27.902785918213084,10.681253269715755,33.78841892169721,47.85559160870733,14.497038918923606,0.12399256044637322,28.363298202107874,CLA,12.617160524734864,41.021875639749,17.83060192934182,12.257347957815135,38.02577784625079,25.01405654495638,13.127617551435408,40.16470853068436,19.621643710339175,7.829315674532157,18.07476332949176,52.25738792227523,9.793401213292853,37.567209968979505,36.05455976562975,11.540712351701833,37.28699301406561,24.747625383543113,11.776231073440053,37.547094499652964,28.916191043147805,11.417048892880839,32.11972777696034,50.144073123497954,11.232331070369442,34.18590673019454,49.02075301634195
2022,6536.0,1459.0,589.0,14.756270274923718,35.18462631350693,53.12696224018252,14.92773823651371,33.01264087385516,58.69137272860513,6.984394124847001,,,CLA,14.135032200988395,40.2172877285015,34.96585381495378,14.436476068075603,35.48988432795706,48.463950639002206,14.974600139234749,41.82827626652941,36.80585673564782,12.656319760592732,26.74838685515023,67.99655443665542,9.371590979897263,33.78143994180085,45.89410784713722,15.02840647114443,39.40069131382402,48.20295184372388,14.021098123652472,32.541373899728164,58.71217247977785,14.667250955411541,34.08303871465347,57.49094362482729,14.449160180135609,34.25597031145048,60.36757144184263
2009,382.0,209.0,0.0,,,,,,,,,,MACAE,,,,,,,,,,,,,,,,,,,,,,,,,,,
2010,622.0,314.0,21.0,,,,,,,,,,MACAE,,,,,,,,,,9.785137882354958,,,6.028938906752412,,,3.0453870887954486,,,22.810000824470276,,,19.007256149405656,,,19.397274060328435,,
2011,760.0,312.0,18.0,79.07894736842105,,,,,,23.269028361453202,,,MACAE,,,,79.07894736842105,,,79.07894736842105,,,9.40131170718758,,,10.617690058479532,,,17.986842105263158,,,26.39082963797823,,,24.615394653758194,,,25.061453177330304,,
2012,918.0,342.0,28.0,86.22004357298475,,,,,,16.215875446391273,,,MACAE,,,,65.98220769789398,,,,,,10.920796965871025,,,9.930241327300152,,,8.68496758488666,,,29.78546755851593,,,21.813035513880198,,,22.403928858789964,,
2013,1021.0,264.0,52.0,59.669152359348125,,,81.48873653281098,,,1.7224492552939985,,,MACAE,62.29187071498531,,,26.76043684136885,,,34.57394711067581,,,9.711445485025758,,,4.504106572436353,,,12.308845080379694,,,13.789948392330624,,,14.011976356313756,,,14.458449500890858,,
2014,1138.0,365.0,71.0,34.00294609421231,,,2.2847100175746924,,,26.639864004517513,,,MACAE,70.1039645767238,,,39.22357885725636,,,69.75322202694785,,,11.698386990016393,14.303128984458459,66.36514008063682,14.396114040226518,21.00175746924429,12.390158172231986,18.82003788418551,22.139928027449997,40.074483220353166,24.602510480926586,52.89003030682257,24.665188011616213,19.558319174876146,28.11148196666419,44.92648948087852,19.703693262324894,28.188377555670556,44.04597026496867
2015,1220.0,378.0,186.0,30.998622937530435,,,26.50024296943592,,,5.867044880545362,31.214009718782364,39.890559936703205,MACAE,51.01125040180006,,,34.851476918579706,,,44.04274596077875,,,6.363868207020573,27.308669331605774,70.12543467461501,7.106996487119438,3.3668032786885247,75.78688524590164,14.094932530803034,25.819547938400397,73.78551912568305,26.324417601380503,20.560701593488478,67.8035079674424,19.416711445797063,28.88585949530364,61.742224047551915,20.656211423180967,28.448814076190416,62.31890619350244
2016,1311.0,429.0,148.0,19.38378768839393,4.118993135011442,43.6754930805274,19.444847083730114,,,0.8336057535142204,47.3408878001969,42.96708958391396,MACAE,24.216578997682213,,,21.60825386181917,27.018633540372665,30.993425592967927,25.221343231450017,,,4.691508910616462,24.651985309082,71.05535151084746,3.7376048817696415,15.17162471395881,55.545385202135776,7.09342897034093,20.994492632226397,77.28070175438596,18.302353901534918,24.987552972801886,49.98311950738784,13.509492028681972,33.90019615641525,51.19038702514304,14.127389346033215,32.95965892236621,51.46325282170606
2017,1434.0,395.0,136.0,11.846720248263509,48.157685397988836,23.37618063658963,11.151113537334036,,,7.980784131411747,13.366521314454573,63.433857003763066,MACAE,17.746918386136418,,,12.664328812905225,44.677210452644424,34.07258300809863,14.978186536309147,,,1.4729811031804634,30.68136454777702,63.57566248256625,8.533663476638237,28.156546788868962,71.23264926612207,7.231224664525182,22.522885258240905,73.22922893006576,15.17063484030187,64.15761996305929,30.224314272431425,9.771287583955322,46.035815246900285,44.8557096414745,10.35060201864319,49.23376014894362,42.234508608817634
2018,1567.0,419.0,132.0,11.520702920716166,53.1996438195921,30.255577703545164,11.61247747605526,35.57899308471135,42.216511417876745,9.000212720697723,17.61327377153797,4.403318442884492,MACAE,14.890091207055596,25.446713465220167,16.666666666666668,13.33086853351315,42.874185736890624,38.45103878607389,14.883824170231797,21.982556902786644,34.36857406225625,7.030675844403988,23.820884589653094,71.84593220011216,10.707433700226222,32.67653177184316,64.87677393867567,9.140761021415383,20.875018221014688,76.23868367327205,11.813513478825339,54.966240311486,32.352571912240066,11.741746870009578,40.44807096449554,49.82772828164984,11.583004447634835,43.85326691541408,46.59857767869988
2019,1681.0,400.0,190.0,10.984519683924606,30.588277766330588,57.02382257681974,10.739782603896197,22.779042053348803,63.53387061745182,2.8405710886377156,,,MACAE,11.04631045747203,22.752726781030734,48.165535790696254,10.647293881842645,28.33886066029834,55.97446796756609,9.286602635877818,28.130523946326704,54.963486798436875,5.27670766014737,15.180917325288235,82.3114076088496,2.653648403945846,21.01866802640152,55.911163989688674,8.961683607074017,31.25091478590247,63.6616101526869,15.37975276609466,32.53669894855697,53.69610510449297,9.384418776634439,28.520739392732743,62.67177838577112,10.564987510478032,28.670490630145686,61.183503140907916
2020,1741.0,382.0,192.0,9.313015162173594,50.79819313372399,43.59645736975321,8.395038949623762,39.89448017259559,52.14586723900059,3.2165422171166,,,MACAE,8.455125149650444,50.81450761405411,40.69158987421855,9.034177388294063,52.13574244390682,41.30646353506779,9.820553930753112,53.39408528306469,38.66375998742528,1.400057438253877,14.659199693662647,83.08922075435574,1.4025703618609995,28.569787478460654,57.759908098793794,10.294605096993036,32.44487764878345,64.7999234156615,12.387395040558005,54.88986649957356,40.228969766591824,7.977773230790124,47.00141305300289,48.88607778900713,8.755306508845418,47.191306009534884,48.40171191438543
2021,1795.0,394.0,183.0,8.935100226678689,52.44049843175759,41.277130982148265,10.259403348080875,37.058276118150815,55.056723515178575,10.41782729805014,,,MACAE,7.885908356996907,53.50776531835027,38.72150474100334,8.765779334905158,51.475975557832804,42.049364894988706,8.042643331890645,50.04700070373873,43.45909626218965,4.4312459855252895,25.118572742754147,74.45140784874813,3.723094454292226,49.083142508454365,47.539461467038066,7.81506253400924,41.47524661765146,56.55524605385329,9.242174681682055,54.5995009628148,39.575138572353055,9.657776134531616,45.142180429208466,49.122046034200395,9.494572373196831,46.621719299744974,47.8012547657189
2022,1833.0,393.0,226.0,9.976559872544158,39.10697296313044,54.40687530728909,11.870905084317366,41.373318450774946,52.738218365531345,,,,MACAE,8.854681591603725,35.755846678657164,54.38222533967215,9.66670062073097,38.822570917559496,53.8533588061551,9.301320573824665,46.82697732139821,45.16226615517395,7.381434209262835,24.48925793703799,72.62131350085042,7.712389389485761,22.42931803523848,72.20273816018498,8.306031179074132,36.83111866028304,58.59807774015049,12.69183623061245,45.40654367847402,50.56785771461167,10.14136616531726,39.09335462233234,55.19549038453279,10.588678109020167,41.1584448819613,52.909294531177764
2009,110.0,63.0,0.0,,,,,,,,,,CAXIAS,,,,,,,,,,,,,,,,,,,,,,,,,,,
2010,201.0,124.0,0.0,,,,,,,,,,CAXIAS,,,,,,,,,,12.967769846420074,,,,,,,,,12.967769846420074,,,15.251865671641792,,,14.29669832654907,,
2011,285.0,143.0,0.0,60.70175438596491,,,,,,27.77079479348914,,,CAXIAS,,,,60.70175438596491,,,60.70175438596491,,,4.220009483167378,,,,,,34.71734892787525,,,29.434972601027276,,,28.971398192450827,,,30.36910876022416,,
2012,352.0,138.0,0.0,58.969155844155836,,,,,,20.729670986680333,,,CAXIAS,,,,41.865530303030305,,,,,,15.428120134147804,,,36.417748917748916,,,21.994047619047617,,,29.52716081267217,,,22.3642915375581,,,25.389626278363696,,
2013,431.0,139.0,13.0,57.93422726789281,,,61.716937354988396,,,,,,CAXIAS,61.716937354988396,,,25.48800042999579,,,28.53828306264501,,,10.460451381565072,6.658932714617171,16.647331786542924,12.34338747099768,28.53828306264501,,14.444410964132542,20.384487901889294,8.153795160755717,11.616780274098945,22.28704010606563,4.7563805104408345,19.140149998618675,23.447842382574553,3.658754238800642,17.050525796783287,23.001755484354092,4.076897580377858
2014,484.0,147.0,89.0,29.530428249436515,,,,,,29.514751184030175,44.90978253256759,46.887913223140494,CAXIAS,16.976584022038566,,,19.55600034435262,,,28.512396694214875,,,14.343615974379771,27.892561983471072,72.10743801652893,16.741614000972287,48.81198347107438,40.03099173553719,10.757888805409465,43.38842975206611,45.764462809917354,20.76985188270455,55.66890495867768,40.03099173553719,18.469352617079892,33.79291163382072,57.445963127781305,19.24204793100662,41.59187758264463,52.00154958677686
2015,475.0,148.0,51.0,28.44371997359979,11.494736842105263,52.059442724458194,18.8168016194332,,,3.2781954887218046,66.45902944097202,26.512383900928793,CAXIAS,46.833082706766916,,,30.42882028728903,34.61609907120744,40.128792569659446,55.254798761609905,,10.049535603715169,1.3768421052631579,47.49599594223653,43.52781954887217,30.985472731602762,6.966507177033497,55.47368421052631,15.298245614035087,36.57008310249308,47.90526315789474,14.493074792243767,49.70679425837321,35.06985645933014,18.75804652553385,55.44324036968296,34.367445671257464,17.09717571239022,52.291120278798246,35.28696044895331
2016,444.0,93.0,62.0,20.81053815075535,67.4054549054549,13.200013200013197,16.4014014014014,,,7.742803779389145,,,CAXIAS,24.547728321313226,,,20.613086204484052,65.67037625861155,33.153153153153156,15.814275814275813,,,6.583856583856584,36.49789029535865,58.48616473616473,6.193693693693693,24.286786786786784,63.21321321321321,7.775392129546163,40.79658605974395,54.5945945945946,17.74956774956775,57.44352044352045,37.362637362637365,16.878131768372445,36.92728196176473,51.77749177749177,17.231503521052897,45.452848732634536,44.88279488279488
2017,497.0,150.0,84.0,10.571364696113186,42.17325319437995,40.96463395759171,8.483174911538194,47.57712944332663,52.422870556673374,5.3637039629078815,,,CAXIAS,17.814970631872036,50.85513078470825,29.845741113346744,12.099566112966908,30.878706582931933,56.92488262910799,16.50793650793651,34.43387598317176,41.4822266934943,,,,13.838587078023696,53.89915249070178,30.516431924882628,14.301477904271136,17.11371655492905,76.15584813227188,13.29644533869886,36.35290154404842,53.27641524824624,8.62316757688991,25.251904087417163,63.29564689725656,8.993239640603408,29.537770485337514,59.32092555331991
2018,501.0,146.0,53.0,18.275892659126193,58.730770201742565,28.20114157649613,11.870323868392248,57.057336208663195,36.49146152140163,12.161391502708868,,19.161676646706585,CAXIAS,19.30946959200312,57.399745962620216,18.967260284625553,17.81964058516217,57.6778143523559,27.37328373555918,21.080133639530974,47.51887529289248,28.52035060314154,4.413602701139776,28.192594403030668,70.91246079270032,7.937067042385816,82.11989482573316,11.626746506986027,14.134593132575427,51.59110350727117,41.448214681747615,15.873236914874568,57.5981370592149,37.90419161676647,16.041575702057695,59.08666207515878,33.89023112077004,13.86861770439,57.531813537531,36.33883301112311
2019,540.0,158.0,58.0,19.825376832541814,61.5666559231259,30.20192508893074,8.172530206112295,40.528626305680525,49.77913279132791,25.0,,,CAXIAS,18.567688378033207,73.9411944792859,18.00766283524904,20.608465608465607,61.537744555186414,29.865079365079364,18.787878787878785,76.50478225478226,17.950854700854702,10.605435156518746,25.725232621784347,72.41379310344827,26.21539961013645,47.27272727272727,35.27777777777778,10.956613756613756,74.96010611162127,23.232323232323232,13.232181761593525,42.11538461538461,51.62393162393162,14.698067632850243,59.16205127964916,33.461007591442375,14.611408920732162,51.9325085084329,39.41269841269841
2020,552.0,161.0,73.0,21.814650987161507,16.81661092530658,76.28539576365664,16.459111859960906,18.028689736764274,77.0910973084886,13.043478260869565,,,CAXIAS,22.013729977116704,25.017540832758222,62.814872325741895,20.936674140335466,22.876496534341527,70.16068052930055,17.94871794871795,9.894253454668013,77.14371980676329,6.756987359978547,7.809983896940419,92.19001610305959,5.148741418764302,39.221014492753625,43.29710144927536,19.733389033495076,14.525269416573765,83.55629877369007,23.60448428383211,34.16161133552438,59.468430120604026,15.985162180814356,12.291919055951901,81.74047651097052,18.589903612786905,19.5406061838913,74.72299311337238
2021,578.0,160.0,48.0,13.856907633175634,74.57861843435563,20.65216507034309,10.841825417949986,43.88720535102362,48.760092272203,5.449826989619377,66.60899653979239,,CAXIAS,17.088241322353905,80.46436367449265,15.190835692565797,12.864799818468311,75.54187419424272,19.999904939351303,12.799810723686155,83.45759484256837,13.308490817141337,0.5190311418685121,50.5250865051903,47.21020761245675,12.799094538189987,64.76355247981544,32.81430219146482,16.764705882352942,55.47413549986635,37.31076989619377,13.824861740800918,60.121765865055096,32.98104075457613,12.883779545966622,62.52102312031042,31.698215618427298,12.75051276832266,61.85768867702179,32.35839906625193
2022,529.0,128.0,64.0,22.58792762266671,52.90313662773817,37.376953295767336,25.201068925987506,43.772625033601976,53.70598320657669,51.370510396975426,,,CAXIAS,23.00197161895149,58.585315855049586,32.986622296946095,22.272792349480483,53.24262891046718,37.03567421125522,21.285494778767326,59.63846880907372,34.72747321991178,21.331583488667725,13.019533711405169,79.92018483511868,11.111636210880068,30.85457271364318,61.09640831758034,26.116324092527808,66.15182302697714,30.0,24.53649936724574,53.676604322457116,39.952605349083306,23.818090911083583,48.17388184475231,47.56997377888896,23.500509718750084,47.12841948590922,45.88468809073724
2009,28652.0,7363.0,3631.0,,,,,,,,,,UFRJ,,,,,,,,,,,,,,,,,,,,,,,,,,,
2010,30386.0,7683.0,3445.0,,,,,,,,,,UFRJ,,,,,,,,,,8.777295786839678,,,9.37339896986499,,,9.908801427360094,,,12.734261622110978,,,12.63459646523233,,,12.30741416120598,,
2011,31070.0,8057.0,3850.0,74.18731895719344,,,,,,14.385748157228353,,,UFRJ,,,,69.78113936272932,,,69.78113936272932,,,8.049854628052449,,,9.773601076136172,,,9.047892403216979,,,17.39243964694594,,,13.971968397990839,,,14.960454171079304,,
2012,31417.0,7476.0,3850.0,50.67367514225823,,,,,,9.916831986824041,,,UFRJ,,,,31.71750850721569,,,96.08810516599293,,,6.824241110709965,1.4132476047999492,,12.701656630559635,1.4132476047999492,,8.50035800807857,1.4132476047999492,,14.232931473294224,1.4132476047999492,,11.529488649871045,1.4132476047999492,,12.341253651282761,1.4132476047999492,
2013,34987.0,8783.0,3859.0,50.44440129733762,,,93.42327150084317,,,0.5553088435595488,1.4592118663154572,0.008990352260709822,UFRJ,71.80095464029496,,,15.846075122417693,,,68.57404178694944,,,4.271923947968709,8.673435438026065,22.140742211934406,5.4804233112182255,10.484948920877379,14.609388929493539,5.541004935288229,9.928809496309915,21.170789874879965,9.58496038920953,13.356051116725936,16.60201544624848,7.720405875300425,13.785148465504795,15.944704673388088,8.371642117147019,13.872160651194141,15.89181560063835
2014,35638.0,8535.0,4764.0,19.723932113995666,1.4338627307929739,,2.063463347377788,,,22.228590667081153,17.424672449282642,22.38500526851136,UFRJ,36.36017335214451,,,21.295568664197383,1.4338627307929739,,29.7737065768566,,,8.583644268217952,16.2862038338074,72.93630525755215,11.641744059992568,23.295913887956385,56.370078282082325,8.332486076644669,20.414135320033413,66.41432014644586,15.078402819895873,30.80481817112582,54.45498103370123,11.932069102447443,27.09884285409402,58.86412633160831,13.148725063129291,27.905808901832327,59.03751447089886
2015,35211.0,8202.0,4749.0,16.943614890094274,8.814344425431434,16.649823317761836,17.18976756374393,,,6.316539656020472,40.27852046416893,50.35558100315843,UFRJ,22.830611427932887,,,18.332935878071968,19.4972299391871,12.724544756929047,24.087874786772883,,0.8321099164723399,3.9352743066227673,20.28885977259699,76.19557273034994,8.933627284434369,27.987890702456692,57.53964355899412,7.817869788330252,21.241651071959897,72.83012067113722,15.4110609091131,39.125285975769366,52.666993233028606,11.450301354191911,30.52987974758984,62.794816692264966,12.899936648180967,34.196901261287785,59.317951513193165
2016,34656.0,8097.0,4849.0,17.054961718390338,40.62077838611235,33.841768318512905,15.54566347131073,1.3048123234724103,0.02834702118528344,9.620793370175049,21.639979803201406,68.70999234529472,UFRJ,22.204171780532366,1.3417590027700832,,18.4879977588661,46.00324465231745,34.270985795644144,21.54365912155105,1.3417590027700832,1.264053544336758,7.386674708090754,18.10074205664083,79.27068469695615,11.333085753871698,28.712262550407587,57.30706368020253,11.274574334852748,20.745615115983362,74.22595462552563,17.36892684015685,34.50859769809649,58.32686141507712,12.733021760721794,26.58762262287507,67.55439489224872,14.168925542661857,29.823507292681985,64.14959631711923
2017,37306.0,8216.0,4713.0,6.32145602573238,52.487252347866104,32.94923854020957,7.604559040263373,26.7063752907691,17.77845290646989,3.089703994421348,2.085388170747865,49.16099883053578,UFRJ,8.420907388162998,20.562739326694857,10.984405911783774,6.854959820664468,46.37170810463726,44.2744974890633,7.6367694271008935,23.043458280157807,11.382264516092539,1.983850595950634,17.45605588681583,79.70268676689706,4.197852644108479,24.476741236402322,65.24709135829094,4.526702415233138,26.150398840632807,70.50100959853917,6.106492416591188,34.733876093861355,59.04245113292693,5.487873678059425,30.07771424586096,64.62320905965197,5.338132937681639,31.27528835464711,63.084911111642114
2018,37631.0,8630.0,4709.0,12.035730023443772,44.879611706702896,42.0795557857127,12.261980027570154,45.92540972060739,44.574935611303076,10.621069460123433,3.1773607497103127,17.522717132711133,UFRJ,14.257670646518239,50.53306830339583,25.47010443671313,12.636351828651614,43.67173571886209,42.63407811918004,13.274588414623755,51.90950538212661,27.2009980425853,7.375926309432048,16.597634391636316,79.17531014755609,10.255539231046873,32.039287903264686,58.496075758951484,12.187994877016603,31.132892654314187,64.12350764498674,13.08930522437415,40.96144943018857,50.912153604938666,11.040053881973948,32.430074629412566,60.874457296990414,11.568655301218724,36.21799578997243,56.62129009010978
2019,38360.0,8777.0,4594.0,11.687810393284169,41.72237348120646,47.87185806620381,11.600783788837063,35.766552878694796,55.10564988399057,9.196687359555572,1.4047061890449608,24.807872784150156,UFRJ,12.593876087893895,50.74232538927801,35.04504483946613,11.548536288098552,44.81090377620143,44.49127297045757,11.588708982997861,51.37437740376443,34.989865744367066,5.80120624755132,18.206538051180914,78.47465348107848,7.889798395270444,30.413114792488816,60.50462501839519,11.613395568089224,37.38792615819286,57.03271856735838,13.23807019205015,39.35326087622622,51.52436697191245,10.157378914847884,31.873821696119276,60.86364979277039,11.14595216364455,35.06101580821087,57.91954205435735
2020,38640.0,8983.0,4609.0,13.700869472771803,41.48123050888569,48.95067764853182,11.802477755862228,34.195513384080506,57.22880290820618,11.984977853170788,4.583333333333333,10.996376811594203,UFRJ,16.16701180240515,45.9578147918679,42.71524368153596,14.390529584112377,44.61632366963696,45.782750123770064,14.549956615221292,49.067975707564436,38.42943326123007,4.680731845532383,21.96969276676298,71.84087670143329,6.734314238579936,30.581634172970904,59.35649033600508,14.988015151184246,32.02956463742019,61.027498094148925,16.424970952978082,40.571163051596955,50.884764165284686,10.4391469179153,31.311185665191495,61.60888352648258,12.530745807789309,35.46576192475693,57.22557381230769
2021,39303.0,8759.0,3525.0,11.095863802513076,52.52035300468778,36.44470520741632,9.336755565360207,45.2270526956623,48.63396323958351,12.121038226420842,6.799735389156044,12.609724448515381,UFRJ,11.809105173659459,58.225987386478835,29.484583510507953,11.329767511307825,53.822538348057165,34.83711034422805,11.634271450967967,57.86114227901957,30.278893327206656,5.941835091042193,33.72934954304325,59.23580965895244,8.440117457485943,53.66452873798478,38.709522995127344,11.060904193182248,49.40984766368765,40.81742637238667,11.360688188432833,53.832707279874704,38.013307259678925,9.656274865772641,44.55323675706293,49.096986200634575,10.229155234678075,48.513444956135295,46.30745587175068
2022,40383.0,8844.0,4242.0,11.992373596309813,43.160879030484985,49.858848959906844,11.98003004067125,40.592736028892034,53.22691558182684,7.973586812640374,2.1674286884895313,16.41532327959785,UFRJ,11.697330523801796,47.93230263108234,40.767405271623666,11.478558408879785,44.176861853384366,46.894921987731195,11.054943533964348,46.46296709504474,44.0223327619073,9.202289806881799,26.692494215952326,69.11177242066358,9.554729575592159,38.118644886738615,54.4664071712566,12.334952189997361,45.50266546293436,47.79401949757273,11.919155279947125,43.74903451097291,49.78726373149997,11.90471718007423,38.945805438569444,55.09882287593636,11.663153638222266,41.33900191426862,53.058378818015925
